start,open,high,low,close,volume,trades,action
1546300800000,3701.23,3713,3689.88,3700.31,686.3674199999999,5292,1
1546304400000,3700.2,3702.73,3684.22,3689.69,613.539115,4798,1
1546308000000,3689.67,3695.95,3675.04,3690,895.3021809999998,6129,1
1546311600000,3690,3699.77,3685.78,3693.13,796.7148179999999,5421,1
1546315200000,3692.32,3720,3685.94,3692.71,1317.4529089999999,7580,1
1546318800000,3693.98,3704.44,3692.73,3699.94,572.4022280000003,3622,1
1546322400000,3699.95,3713.93,3697,3703.56,660.279771,4573,1
1546326000000,3703.63,3726.64,3703.34,3713.83,823.6254910000001,4976,1
1546329600000,3714.19,3731.19,3707,3716.7,887.1013619999995,5825,1
1546333200000,3716.98,3732,3696.14,3699.95,955.8790339999999,5288,1
1546336800000,3699.96,3717.11,3698,3713.07,534.113945,3822,1
1546340400000,3713.07,3722.22,3706.88,3707.54,600.664642,4567,1
1546344000000,3707.56,3725,3698.25,3717,654.2777099999998,4512,1
1546347600000,3717,3756.94,3708.41,3715.93,941.7856950000004,5617,1
1546351200000,3715.23,3717,3684.21,3698.53,1127.3666320000007,6507,1
1546354800000,3698.28,3698.87,3666.01,3682.61,996.6885319999999,6350,1
1546358400000,3683,3696.23,3677.48,3693.54,629.1802800000002,4402,1
1546362000000,3693.5,3701.68,3675.01,3686.32,380.215487,3956,1
1546365600000,3686.34,3686.35,3642,3659.41,1083.207096,6693,1
1546369200000,3659.56,3699.99,3659.56,3696.73,1155.5131119999996,6638,1
1546372800000,3696.71,3726.93,3675.67,3719,2021.1709479999988,11042,1
1546376400000,3719,3730.01,3700,3708.21,1105.501735,6774,1
1546380000000,3707.98,3717.07,3692.42,3711.2,624.620136,5489,1
1546383600000,3712.85,3810.16,3706.43,3797.14,3678.716754000002,15611,1
1546387200000,3796.45,3810,3763.75,3778.02,2094.025159,9950,1
1546390800000,3778.62,3792,3765.75,3770,912.8111129999998,5875,1
1546394400000,3769.98,3785.1,3768,3783.28,719.3027570000003,5145,1
1546398000000,3783.28,3796.22,3773.79,3779.98,770.3680669999998,5358,1
1546401600000,3780,3788.31,3765,3776.41,748.2602090000005,5526,1
1546405200000,3776.16,3778.42,3768,3773.04,415.8495129999999,4821,1
1546408800000,3773.04,3775,3750.45,3758.53,916.9860579999998,6368,1
1546412400000,3758.53,3778.54,3755.4,3771.08,1338.7947400000003,9315,1
1546416000000,3772.64,3800,3770.09,3781.35,2216.579224999999,13968,1
1546419600000,3780.81,3786.24,3770,3775,1483.6278470000002,8153,1
1546423200000,3773.84,3794.4,3770.03,3788,1117.1365929999995,7900,1
1546426800000,3788.22,3803.68,3777.82,3787.97,1395.9416550000003,8477,1
1546430400000,3788.81,3793.72,3778.23,3792.51,1179.766158,6948,1
1546434000000,3793.12,3839.63,3790.82,3825.65,2589.868431,12943,0
1546437600000,3825.19,3834.26,3796.51,3811.24,2325.6540930000006,10351,0
1546441200000,3812.17,3815,3785.75,3801.28,1359.581327,8093,1
1546444800000,3802.61,3865.72,3795,3824.89,2696.187308,12696,0
1546448400000,3824.89,3845.78,3811.01,3822.6,2166.3285610000003,10438,0
1546452000000,3822.62,3833,3807,3828.87,1203.5903089999997,7624,0
1546455600000,3827.22,3830.19,3801.14,3824.98,921.4759939999997,7069,0
1546459200000,3824.98,3854.35,3812.34,3849,1189.4276059999997,8366,0
1546462800000,3849.27,3876,3830.06,3856.68,1770.7906389999994,10198,0
1546466400000,3857.36,3876,3842.46,3862.12,1464.3034959999998,9229,0
1546470000000,3861.62,3882.14,3851,3858.56,2159.8065110000002,12574,0
1546473600000,3857.57,3862.74,3828.7,3830.78,1754.761595,10485,0
1546477200000,3830.76,3843.24,3821.14,3835.96,1334.9609090000001,8383,0
1546480800000,3835.96,3844.99,3825.85,3833.47,651.9471360000001,6516,0
1546484400000,3833.69,3847.05,3832,3841.83,732.0216030000001,5700,0
1546488000000,3841.83,3850,3833.7,3834.59,649.6289170000001,6541,0
1546491600000,3834.7,3840.31,3805,3824.38,1094.3361079999995,8085,0
1546495200000,3824.38,3829.89,3813.62,3820.53,774.9789579999999,5755,0
1546498800000,3821.81,3837.52,3820.39,3828.88,706.2830500000001,5918,0
1546502400000,3828.88,3832.83,3796,3805,1539.5187369999999,8892,0
1546506000000,3805.85,3814.96,3783,3805.81,1663.6388549999995,8766,0
1546509600000,3806.13,3819,3804.07,3811.52,1319.3590169999998,7250,0
1546513200000,3810.61,3813.51,3787.29,3804,1649.2302150000005,9048,0
1546516800000,3803.31,3823,3795.33,3818.02,1243.8133199999997,7705,0
1546520400000,3817.17,3822,3809.35,3817.36,1097.3537129999995,6864,0
1546524000000,3816.64,3817.37,3790.04,3796.7,1187.8317040000002,7787,0
1546527600000,3796.79,3811.89,3785.32,3806.7,1340.2667260000003,8339,0
1546531200000,3807.37,3807.75,3730,3738,3271.1721399999988,16324,0
1546534800000,3738.71,3762.04,3732.19,3748.46,2025.9983589999997,10337,0
1546538400000,3748.46,3759.33,3738,3757.89,1021.6392499999998,7487,0
1546542000000,3757.58,3763.71,3740.11,3756,771.5846320000003,6897,0
1546545600000,3756,3782.25,3752.37,3780.03,760.4165809999997,7371,0
1546549200000,3779.99,3782.69,3768.23,3771.26,1333.486625,7874,0
1546552800000,3771.27,3781.4,3757.14,3773.79,959.7927170000002,6710,0
1546556400000,3773.42,3775.53,3757.87,3766.78,522.9274919999999,5766,0
1546560000000,3767.2,3767.21,3730,3750.3,1249.5467280000005,7920,1
1546563600000,3750.53,3776.89,3749.67,3766.23,793.9414700000001,6326,0
1546567200000,3765.67,3766.48,3750.41,3758.65,583.3280939999999,5365,1
1546570800000,3759.33,3787.65,3752.41,3780.04,981.9115619999999,6684,0
1546574400000,3780.04,3793,3761.94,3775.33,1290.111753,7538,0
1546578000000,3776.18,3788.53,3764.37,3779.9,982.013535,7299,0
1546581600000,3779.9,3797.52,3775.92,3783.02,1406.8406850000001,8495,0
1546585200000,3783.34,3800,3779.54,3783.28,1150.9584020000002,7677,0
1546588800000,3783.28,3800,3766.75,3771.34,1487.042166,8161,0
1546592400000,3771.35,3789.9,3757,3764.35,1358.1022380000004,7841,1
1546596000000,3764.03,3777.16,3756.48,3775.48,849.6485209999998,6268,0
1546599600000,3775.46,3777.77,3752,3757.55,926.7264880000004,6344,1
1546603200000,3754.05,3765,3739,3755.52,1467.2347319999997,7846,1
1546606800000,3755.95,3757.52,3742.08,3744,1476.93285,7332,1
1546610400000,3744.62,3751.94,3703.62,3717.14,2731.97833,12400,1
1546614000000,3715.58,3728.59,3703.57,3725.28,1424.7868019999999,9649,1
1546617600000,3725.3,3754,3717.3,3747.5,1245.430684,8413,1
1546621200000,3747.5,3749.5,3735.03,3745.22,929.209102,7074,1
1546624800000,3745.43,3745.96,3726.99,3730,828.8959170000002,6210,1
1546628400000,3730.41,3746.59,3729.02,3739.53,822.2867150000001,7043,1
1546632000000,3739.74,3786,3733.46,3764.24,1359.2954820000002,8197,1
1546635600000,3762.36,3823.64,3760.21,3802.36,2242.107164,11200,0
1546639200000,3802.59,3816.18,3778.51,3790.98,1203.4661659999992,7379,0
1546642800000,3792.35,3800.98,3787.57,3792.01,727.7590849999999,5375,0
1546646400000,3790.09,3838.7,3788.97,3811.76,2440.690197,11364,0
1546650000000,3811.79,3827.41,3783.25,3803.58,2262.7490780000007,9247,0
1546653600000,3803.56,3820.13,3802.43,3811.88,1318.6389440000005,8366,0
1546657200000,3813.16,3822.27,3803.25,3815,1107.4792710000002,6535,0
1546660800000,3815.35,3826.39,3812.09,3815.72,1224.004168,7941,0
1546664400000,3815.72,3840.99,3815.72,3834.01,1477.7333280000005,8607,0
1546668000000,3834.01,3835.08,3792,3799.45,2015.4735729999998,9953,0
1546671600000,3799.71,3804.99,3780.13,3785.15,956.1102140000002,6698,0
1546675200000,3784.37,3798.84,3783.76,3793.56,614.93263,6364,0
1546678800000,3793.01,3796.94,3787.03,3790.36,658.5524069999999,5987,0
1546682400000,3789.72,3793.81,3770,3787.94,955.9337110000001,8206,0
1546686000000,3788.79,3812.63,3787.53,3801.26,859.3981759999999,7112,0
1546689600000,3801.03,3811.98,3796.35,3802.47,964.382953,7712,0
1546693200000,3801.79,3802.74,3782,3793.84,1386.141669999999,9017,0
1546696800000,3793.83,3794.89,3778.01,3787.45,1333.2329820000002,7935,0
1546700400000,3787.55,3814,3785.02,3785.58,1807.063707,11026,0
1546704000000,3785.58,3805,3775,3797.19,1663.6014400000001,10120,0
1546707600000,3797,3807.99,3795.82,3801.36,1004.5710730000001,7061,1
1546711200000,3801.52,3818.51,3798.26,3809.02,1159.90149,7504,1
1546714800000,3810,3820,3798.19,3810.98,868.1443919999999,6757,1
1546718400000,3810.89,3812.36,3800,3803.68,514.185341,5397,1
1546722000000,3804.95,3812.5,3799,3806.57,493.090412,5545,1
1546725600000,3806.33,3810.2,3751,3786.62,2574.9176059999995,13432,1
1546729200000,3786.62,3786.63,3766.14,3770.96,829.738988,6846,1
1546732800000,3771.12,3792.12,3761.6,3786.76,964.5644279999999,7127,1
1546736400000,3786.86,3791.98,3761.15,3765.65,1065.3565140000003,7298,1
1546740000000,3765.65,3775.01,3740,3771.82,1629.6625220000008,9006,1
1546743600000,3771.57,3778.13,3765.49,3771.15,575.9471110000001,5244,1
1546747200000,3771.7,3776.86,3760.58,3767.9,648.5346259999998,5080,1
1546750800000,3768.13,3783.55,3764.43,3777.75,586.8135759999998,5503,1
1546754400000,3778.38,3779.76,3772.14,3772.22,330.386704,4300,1
1546758000000,3772.34,3775.11,3760,3767.94,656.4985240000001,6171,1
1546761600000,3768.11,3773.32,3761.81,3772.88,569.315529,4925,1
1546765200000,3772.77,3782.56,3770.93,3771.3,821.5869980000001,5716,1
1546768800000,3771.3,3812.02,3770.93,3796.99,1745.968805,8371,1
1546772400000,3796.42,3820.82,3796.42,3814.24,1851.6311219999993,9030,1
1546776000000,3814.23,3820.41,3787.07,3790.81,1358.3599080000004,8100,1
1546779600000,3791.12,3808.31,3785,3798.61,839.1476230000001,6010,1
1546783200000,3800,3805,3791,3801.35,900.3766369999997,5873,1
1546786800000,3802,3824.99,3800.24,3806.82,1551.9075180000002,9495,1
1546790400000,3806.91,3814.99,3800.31,3813.39,916.8428159999996,6917,1
1546794000000,3813.39,4025,3813.39,4007.11,8255.228309000002,40945,0
1546797600000,4007.13,4027.71,3972.71,3989.09,3032.6923390000006,18355,0
1546801200000,3990,4013,3989.12,4002.46,2004.5418750000001,11976,0
1546804800000,4001.41,4015,3967.01,3977.16,1848.30919,11162,0
1546808400000,3980.57,3985.69,3953.53,3967.49,2190.129871,12551,0
1546812000000,3967.49,3988,3965.42,3970.36,977.128225,8625,0
1546815600000,3970.99,4009.63,3970.79,3987.6,1232.875939,8930,0
1546819200000,3987.62,4017.9,3986.41,4008.05,1506.176402,9733,0
1546822800000,4008.88,4009.84,3972.06,3984.28,1753.0900699999997,10128,0
1546826400000,3984.02,3987.2,3970.03,3987.2,1289.863277,8251,0
1546830000000,3987.04,3996.97,3983.03,3992.26,815.6225440000001,7012,0
1546833600000,3991.69,3996.06,3986.4,3988.72,648.2321069999999,6196,0
1546837200000,3987.89,3996.08,3980.08,3994.96,732.6578049999999,6235,0
1546840800000,3993.82,4001.77,3982.61,3990.78,1105.6592130000001,6948,0
1546844400000,3990.76,4001.21,3988,4001,1113.7612230000004,7479,0
1546848000000,4001.02,4015,3990,4007.7,2023.90655,9833,0
1546851600000,4007.68,4010.67,3921.53,3957.01,4055.9098589999967,18245,0
1546855200000,3957.01,3997,3955.5,3959.35,2001.4241620000012,11771,0
1546858800000,3959.35,3976.9,3952.07,3976.76,975.3495080000001,7386,0
1546862400000,3976.78,3978,3955.02,3956.87,881.1199789999998,8164,0
1546866000000,3956.87,3982.96,3955.02,3980.26,849.436031,7690,0
1546869600000,3980.98,4000,3975.8,3985.46,1168.9836009999995,8931,0
1546873200000,3985.48,3990,3964.49,3969.91,1269.785993,8807,1
1546876800000,3969.91,3985.98,3965,3978.96,1225.5409060000004,8843,1
1546880400000,3978.96,3989.18,3941,3979.34,2244.2085690000004,11774,1
1546884000000,3979.34,3994.98,3976,3977.89,1326.024328,8823,1
1546887600000,3977,3989.35,3974.31,3988.52,906.537352,7093,1
1546891200000,3987.71,3988.74,3961,3970.96,1272.8560430000002,8747,1
1546894800000,3969.88,3981.25,3967,3971.98,776.604485,6520,1
1546898400000,3971.99,3975.35,3951.55,3964.81,1130.427113,9288,1
1546902000000,3965.61,3978.97,3954.19,3975.45,796.6691440000001,6689,1
1546905600000,3976.76,3989,3973.79,3981.12,930.173886,7354,1
1546909200000,3981.12,3982.1,3960,3961.03,965.357437,6666,1
1546912800000,3961.53,3966.39,3922,3949.16,2296.0116300000004,11408,1
1546916400000,3949,3957.49,3942,3945.61,1034.4999469999998,7453,1
1546920000000,3944.94,3947.62,3936.26,3944.88,1460.0147629999997,7659,1
1546923600000,3943.86,3952.54,3939.81,3950.49,1002.6964680000002,6329,1
1546927200000,3950.49,3965.66,3940,3958.56,1044.670249,7156,1
1546930800000,3959.59,3968.42,3946.09,3953.6,1038.1454840000004,6804,1
1546934400000,3953.14,3974.2,3948.75,3960.64,1238.26706,8248,1
1546938000000,3960.67,3982,3958.48,3973.62,1716.9012609999995,11705,1
1546941600000,3972.12,3982.25,3964,3980.69,1303.373959,8795,1
1546945200000,3981.81,4018,3967.93,4001.59,2222.3159670000005,11732,0
1546948800000,4002.32,4007,3988.64,3988.83,1582.579228,9312,1
1546952400000,3989.16,4039,3988.83,4026.72,2585.6722900000004,14449,0
1546956000000,4027.3,4028.19,4002.76,4008.81,2165.9034700000007,12632,0
1546959600000,4008.81,4069.8,3981,4000.48,4677.308971999998,19243,0
1546963200000,4002.04,4007.84,3938.82,3968.77,3645.257845,16584,0
1546966800000,3970.76,3984.4,3956,3962,1615.9689720000003,9218,0
1546970400000,3962,3977.06,3954,3968.46,892.0641590000001,7445,0
1546974000000,3969.42,3983,3957.93,3976.12,906.0551190000002,7457,0
1546977600000,3976.11,3985.8,3965.4,3965.4,771.5594729999998,6980,0
1546981200000,3965.4,3976.46,3960.9,3963.23,682.3324589999999,6762,0
1546984800000,3963.34,3968.47,3952.3,3967.83,607.3329679999998,6893,0
1546988400000,3967.83,3971.4,3903,3955.13,2516.9600560000017,11491,0
1546992000000,3955.45,3970.47,3930.04,3955.73,1725.7426030000001,9863,0
1546995600000,3955.76,3997.74,3936.26,3986,2380.5452659999996,12377,0
1546999200000,3985.74,3999.89,3977.3,3980.64,1439.526341000001,9403,0
1547002800000,3981.89,3992.75,3977.42,3981.03,986.8126419999999,8580,0
1547006400000,3981.98,4002,3981.03,3994,928.3130630000005,7693,0
1547010000000,3994,3999.2,3983,3987.98,802.9101910000003,6818,0
1547013600000,3988.19,3990,3978,3986.63,801.9343309999998,6577,0
1547017200000,3986.44,4000,3985.02,3987.88,797.7263419999999,7111,0
1547020800000,3987.76,3991.78,3971.11,3982.54,1076.596718,7673,0
1547024400000,3982.85,3996.98,3976,3978,930.436261,7702,0
1547028000000,3977.7,3987.07,3971.5,3982.77,1215.609054,7315,0
1547031600000,3982.53,4006.81,3980.58,3986.44,1377.455574,8565,0
1547035200000,3985.52,3996.3,3956,3976.72,1947.4094779999984,10539,0
1547038800000,3976.86,3977.71,3952,3968.09,1406.145935,8716,0
1547042400000,3968.07,3968.11,3941,3951.22,1689.845892,9591,0
1547046000000,3951.22,3971.18,3942.39,3958.28,1552.4135640000009,9030,0
1547049600000,3957.59,3977.93,3952.44,3963.03,1328.487833,8672,0
1547053200000,3965.05,3972,3955.68,3968,888.1020250000001,7370,0
1547056800000,3967.14,3975,3958,3971.38,815.1425959999999,7004,0
1547060400000,3970.06,3983.66,3964.79,3978.34,920.1834720000002,6935,0
1547064000000,3978.98,3981,3961,3967,881.4744549999998,7683,0
1547067600000,3967,3990,3955,3966.48,1534.088939,11169,0
1547071200000,3966.23,3977.67,3962.21,3967.4,851.9472040000004,8064,0
1547074800000,3968.59,3973.55,3961.88,3966.65,710.5897319999999,6194,0
1547078400000,3966.06,3989.81,3963.7,3987.66,877.7880539999999,7602,0
1547082000000,3988.76,3993.46,3974.31,3982.44,1018.1058540000001,8276,0
1547085600000,3982.54,3985,3975.02,3981,901.0109830000001,7000,0
1547089200000,3981,3990.49,3975.13,3978.94,1111.3810740000001,8597,0
1547092800000,3978.96,3993.82,3976.14,3993,1075.4558870000003,8876,0
1547096400000,3993,3996.01,3986.57,3989.79,1464.983995,11295,0
1547100000000,3988.57,3990.47,3731.01,3781.31,11092.600113,43227,0
1547103600000,3779.63,3784.73,3747.61,3777.02,4132.6958700000005,22879,0
1547107200000,3777.54,3783.32,3752.5,3759.07,2371.377103000001,15197,0
1547110800000,3757.89,3766.51,3715.65,3732.79,4205.651454999997,26337,0
1547114400000,3732.77,3751.12,3725,3736.45,1579.2900620000012,13710,0
1547118000000,3735.46,3744.7,3720,3739.99,1961.5282359999992,13527,0
1547121600000,3738.01,3750,3728.06,3732.81,1439.6571040000006,10911,0
1547125200000,3732.81,3736.11,3707.07,3725.62,2036.145041000001,14563,0
1547128800000,3725.19,3732.98,3713.3,3726.32,1921.4618839999998,12308,0
1547132400000,3726.32,3735.65,3713.4,3726.39,1861.669661,12439,0
1547136000000,3726.79,3726.79,3540,3583.21,8950.301647999997,37683,0
1547139600000,3583.21,3588.78,3561.6,3574.18,1842.2524700000006,11717,0
1547143200000,3574.15,3576.61,3557.16,3573.78,1118.0351940000003,9782,0
1547146800000,3573.78,3606.88,3540.33,3596.12,3226.0201700000002,17766,0
1547150400000,3596.73,3609.21,3582,3585.62,1613.4267580000007,12883,0
1547154000000,3585.07,3593.98,3574.65,3586.29,1029.9466869999999,9921,0
1547157600000,3586.29,3590.46,3574.64,3583.43,1215.7059029999998,9735,1
1547161200000,3583.43,3597.72,3577.05,3585.88,1355.737304,10022,1
1547164800000,3585.88,3617.04,3557.52,3607.72,2396.186278999999,13587,0
1547168400000,3608.36,3609.09,3586.63,3592.95,1248.3205980000005,9390,0
1547172000000,3591.17,3596.74,3572.76,3579.76,1203.7324729999993,9741,1
1547175600000,3579.78,3589.79,3576.76,3583.09,1151.795595,9056,1
1547179200000,3583.05,3583.12,3546.36,3562,2425.338604999999,12613,1
1547182800000,3562,3575.78,3560,3573.49,1339.3544440000003,8724,1
1547186400000,3573.47,3590,3570.55,3584.48,883.6087760000001,8113,1
1547190000000,3584.76,3597,3578.95,3595.47,1112.0170070000004,8549,0
1547193600000,3595.47,3635,3590.82,3605.61,2203.9021770000004,14672,0
1547197200000,3606.49,3612,3587.43,3591.3,1532.5014140000003,10883,0
1547200800000,3589.98,3597.64,3562,3586.06,1755.5073439999999,11902,1
1547204400000,3586.45,3596.99,3580.02,3594,1249.1065640000004,8964,0
1547208000000,3593.57,3594.18,3571.18,3585.4,1311.3591970000004,8918,1
1547211600000,3584.97,3590.94,3569.16,3569.67,1214.857829,9007,1
1547215200000,3570.12,3612,3569.17,3598.72,1940.3758919999998,12747,0
1547218800000,3599.79,3616.13,3585.5,3585.51,1337.3239260000003,10949,1
1547222400000,3586.49,3620.24,3582.5,3601.05,1439.9932979999994,10680,0
1547226000000,3601.22,3615.82,3599.85,3608.9,1101.792551,9148,0
1547229600000,3608.93,3612.67,3594,3605.88,1092.0068840000001,7531,0
1547233200000,3605.88,3613,3602,3606.15,866.6796549999999,6741,0
1547236800000,3606.36,3624.82,3601.58,3610.7,1123.7241090000002,8307,0
1547240400000,3611.51,3658,3594.06,3602.52,2024.5048459999996,11446,0
1547244000000,3602.52,3606.88,3571.43,3578.85,1307.0592060000008,8669,0
1547247600000,3578.85,3615,3465,3601.31,5077.606064000002,21704,0
1547251200000,3601.31,3618.19,3588.01,3601.46,1929.342049999999,11004,0
1547254800000,3601.01,3601.53,3533,3590.17,1787.0645509999997,10229,0
1547258400000,3590.17,3596.55,3579,3594.88,785.1897019999998,7445,0
1547262000000,3594,3603.19,3589.33,3601.15,741.2997880000001,7718,0
1547265600000,3600.64,3601.14,3589.47,3590.35,555.013774,5522,0
1547269200000,3591.52,3598.77,3586.42,3587.72,433.6270999999999,5552,0
1547272800000,3588.21,3592.46,3567.31,3571.74,898.063944,7882,0
1547276400000,3572.74,3583,3571.37,3582.38,721.7671989999999,6493,0
1547280000000,3582.09,3582.81,3571.2,3574.06,565.230882,5638,0
1547283600000,3574.8,3579.78,3559.5,3578.3,883.056768,6996,0
1547287200000,3578,3585.71,3572.93,3575.89,610.818668,6159,0
1547290800000,3575.91,3578.79,3569.32,3571.16,518.6292679999999,5706,0
1547294400000,3571.89,3605,3530,3590.36,2214.429136,11900,0
1547298000000,3590.38,3593.18,3574,3587.73,1194.251472,7389,0
1547301600000,3588,3594.82,3582.61,3592.5,840.4310859999999,6493,0
1547305200000,3592.25,3594,3584,3591.11,730.1551209999998,5971,0
1547308800000,3591.11,3599,3587.01,3589.9,992.7065569999997,7294,0
1547312400000,3590,3600,3572.19,3592,1163.4537070000003,7394,0
1547316000000,3592.02,3599.86,3588.7,3591.92,568.264349,5375,0
1547319600000,3591.92,3596,3587,3593.74,437.9448239999999,4542,0
1547323200000,3592.79,3600.62,3585,3594.62,606.4834649999998,5172,0
1547326800000,3594.6,3603.55,3588.43,3591.3,573.886906,4974,0
1547330400000,3590.72,3612.39,3571.14,3580.01,1067.2449300000003,8139,0
1547334000000,3580.43,3590.71,3563.01,3583.13,1181.5731069999995,6960,0
1547337600000,3584.1,3587.01,3566.19,3570.47,885.2259559999997,5919,0
1547341200000,3570.67,3583.58,3564.41,3569.04,862.431207,5897,0
1547344800000,3568.48,3588.24,3568,3588.24,578.5879919999999,5274,0
1547348400000,3588.24,3595,3585.12,3593.24,486.3084529999999,4708,0
1547352000000,3593.27,3598.88,3585.07,3586.49,510.48798,4718,0
1547355600000,3587.21,3591.56,3581.62,3582.26,341.0714760000002,3868,0
1547359200000,3582.28,3592.71,3575.84,3580.94,570.4941810000001,4833,0
1547362800000,3581.93,3586.22,3579.47,3583.68,336.028279,3789,0
1547366400000,3583.68,3587.85,3574,3575.1,303.63804200000004,3817,0
1547370000000,3576.32,3586.97,3571.7,3586,395.8959629999998,4083,0
1547373600000,3586,3588.36,3580.05,3584.09,483.44535999999994,4244,0
1547377200000,3584.91,3590.02,3583.88,3589.38,576.042209,4497,0
1547380800000,3589.28,3611.1,3560.26,3583.36,1503.317532,8682,0
1547384400000,3583.74,3593.08,3583.36,3590.48,576.8465019999999,4325,0
1547388000000,3588.6,3590.47,3570,3572.18,761.6373019999999,5648,0
1547391600000,3570.55,3577.01,3566.12,3575.53,730.5828920000004,5391,0
1547395200000,3576.32,3576.33,3441.3,3462.18,7490.318081999992,33631,1
1547398800000,3464.91,3490.81,3444.28,3479.01,2170.8266029999995,12731,1
1547402400000,3478.56,3486.13,3449.2,3462.75,1671.0605640000003,10240,1
1547406000000,3463,3474.91,3457.18,3465.82,1406.0876080000003,9680,1
1547409600000,3465.03,3475.61,3457.63,3462.32,1083.8864260000003,6596,1
1547413200000,3462.85,3497.98,3454,3479.63,1330.696549,8760,1
1547416800000,3480.14,3482.48,3465,3470.51,614.856849,5443,1
1547420400000,3469.83,3477.56,3457.2,3476.81,715.9834469999998,6282,1
1547424000000,3477.56,3483.07,3467.02,3483.05,707.9054440000001,6192,1
1547427600000,3482.47,3493.78,3479.75,3487.98,1033.687887,7773,1
1547431200000,3488.62,3499.9,3486.05,3496,1075.489977,7744,1
1547434800000,3497.41,3497.41,3487.51,3489.45,594.679479,5199,1
1547438400000,3489.43,3499.65,3487.52,3498.31,589.7588299999999,5178,1
1547442000000,3498.31,3514.8,3495.41,3504.72,1139.3953519999995,7809,1
1547445600000,3503.22,3522.15,3500.08,3518.18,1076.6654980000003,7177,1
1547449200000,3518.82,3527.83,3509,3511.83,1085.8569260000002,7696,1
1547452800000,3511.73,3511.89,3496,3501.85,1082.2616490000003,6410,1
1547456400000,3501.91,3511.21,3495.01,3505.02,881.1208970000001,6774,1
1547460000000,3505.3,3540,3498.55,3502.75,1489.4781539999988,8327,1
1547463600000,3503.8,3505.38,3485.02,3488.28,1148.399636,7488,1
1547467200000,3488.8,3509,3487,3506.25,1434.9147429999994,8208,1
1547470800000,3505.78,3514.19,3495.63,3496.8,1094.6059570000004,7391,1
1547474400000,3496.36,3500,3487,3497,949.6170010000002,6084,1
1547478000000,3497,3647,3495,3630.98,6878.355908000002,26886,0
1547481600000,3630.98,3671.87,3611,3616.65,3464.9572189999985,18527,0
1547485200000,3616.67,3634.99,3616.67,3627.71,1963.0592550000008,11100,0
1547488800000,3627.45,3647.97,3623.21,3628.01,1726.8701169999997,12065,0
1547492400000,3629.32,3644.22,3623.15,3638.08,1107.1605410000002,8955,0
1547496000000,3638.74,3665,3623.45,3629.45,1507.9308589999998,10972,0
1547499600000,3629.46,3629.46,3590,3623.7,1446.1652329999997,9277,0
1547503200000,3623.02,3633.13,3614.36,3622.86,852.109899,7258,0
1547506800000,3623,3635.99,3620,3626.09,904.7647539999999,7725,0
1547510400000,3626.08,3643.27,3624.22,3633.22,886.705047,8622,0
1547514000000,3632.88,3648.42,3631.93,3633.44,901.1426939999998,8455,0
1547517600000,3633.46,3636.97,3623.14,3624.98,833.865584,6896,0
1547521200000,3624.89,3632.07,3623,3629.38,637.583367,6502,0
1547524800000,3629.38,3631.86,3624.83,3627.19,785.0770539999999,6337,0
1547528400000,3627.4,3630.06,3612.48,3619.43,889.939896,6376,0
1547532000000,3619.14,3621.92,3610.12,3616.81,1309.3625259999997,7825,0
1547535600000,3616.03,3629.45,3616.03,3629.09,1118.7482679999998,8342,0
1547539200000,3629.09,3630.43,3616,3624.34,1091.3279449999998,6373,0
1547542800000,3623.64,3625.04,3578.07,3604.06,2603.2603560000002,13401,0
1547546400000,3604.51,3618,3591.02,3610.64,1608.0144510000007,8688,0
1547550000000,3610.56,3617.59,3606.37,3611.39,1017.4789559999999,7040,0
1547553600000,3612.1,3618,3591,3602.6,1149.622173,8173,0
1547557200000,3602.06,3634.75,3600,3624.78,1675.951607,10223,0
1547560800000,3624.96,3626.31,3612.91,3625.09,1501.9642220000003,9331,0
1547564400000,3625.09,3640.77,3580,3596.98,3168.354472999999,16913,0
1547568000000,3597.31,3610.73,3583.5,3599.01,1557.8439009999997,9893,0
1547571600000,3599.01,3604.5,3592.05,3602.37,1000.5667649999999,7536,0
1547575200000,3602.25,3607.62,3590.5,3596.98,1022.5890690000001,7592,0
1547578800000,3596.96,3605,3589.01,3604.14,811.1187589999998,6883,0
1547582400000,3604.14,3605,3516.62,3532.59,4462.085756,22231,1
1547586000000,3534.42,3550,3524.42,3539.33,1930.7630140000003,11416,1
1547589600000,3539.57,3557.5,3536.05,3543.97,1109.863839,8192,1
1547593200000,3543.97,3565.1,3542.43,3553.06,1064.7677370000004,8145,1
1547596800000,3553.06,3565.47,3543.51,3561.05,1070.8385540000002,7818,1
1547600400000,3561.05,3569.89,3558.34,3568.74,674.1164130000001,5901,1
1547604000000,3567.83,3568.79,3555.38,3564.83,762.1299330000002,6318,1
1547607600000,3564.85,3575.37,3560,3572.5,703.880532,6501,1
1547611200000,3572.55,3583.71,3570.57,3572.95,1437.6779549999997,7832,1
1547614800000,3572.63,3582.53,3570,3578.81,910.5712049999998,6754,0
1547618400000,3578.97,3580.89,3565.5,3569.93,801.8082539999997,6193,1
1547622000000,3570.12,3572,3552.25,3555.07,920.5165910000002,7673,1
1547625600000,3556.04,3599.99,3553.96,3585,1375.8090920000004,9849,0
1547629200000,3585.71,3603.96,3580,3580.63,1719.1667659999994,10254,0
1547632800000,3580.64,3597.62,3580.55,3585.46,712.24549,5934,0
1547636400000,3587.06,3593.85,3583.08,3589.02,510.83884500000005,4239,0
1547640000000,3589.08,3645,3589,3611.94,2079.2651530000003,12692,0
1547643600000,3611.11,3619.4,3574.93,3592.1,2109.1103020000005,12755,0
1547647200000,3592.11,3609.14,3587.11,3598.21,1271.276094,8874,0
1547650800000,3598.23,3612.24,3579,3590.22,1568.3253200000006,9834,0
1547654400000,3591.16,3594.51,3560.2,3581.57,1726.814006999999,11342,0
1547658000000,3582.01,3592,3581.59,3590.5,1005.3810689999998,7673,0
1547661600000,3590.51,3610,3576.81,3588.75,1479.794814,9592,0
1547665200000,3588.46,3592.16,3561.53,3576.4,1264.1323769999997,9295,0
1547668800000,3576.6,3582.81,3561.81,3577.91,897.5986499999999,7570,0
1547672400000,3577.91,3609,3575.31,3584.29,1259.1270360000005,8568,0
1547676000000,3584.29,3586.29,3576.05,3579.89,626.9742800000002,5835,0
1547679600000,3580.18,3598.98,3578,3591.84,592.7812449999999,5975,0
1547683200000,3591.84,3597.29,3582.08,3587.73,968.6260109999998,7014,0
1547686800000,3587.53,3600.51,3582.99,3593.46,778.0574219999999,6404,0
1547690400000,3593.46,3600,3551.16,3557.4,1102.6979399999993,7778,1
1547694000000,3558.57,3576.64,3556.82,3574.59,1455.8013699999997,9638,0
1547697600000,3574.57,3584.7,3568.17,3574.78,729.0265979999999,5748,0
1547701200000,3573.75,3580.84,3568.16,3571.56,634.092423,5267,0
1547704800000,3571.58,3587.95,3568.19,3577.22,787.333087,6996,0
1547708400000,3576.64,3584.36,3570,3584,699.825101,6430,0
1547712000000,3583.73,3585,3574,3581.69,727.9632390000002,6491,0
1547715600000,3580.76,3582.47,3567,3570.18,980.439212,7053,0
1547719200000,3570.56,3588.9,3530.39,3572.71,3209.8787669999997,16214,0
1547722800000,3572.71,3583.37,3569.75,3579.56,1199.338241,8000,0
1547726400000,3580.3,3581.51,3560.84,3570,911.8659429999999,7671,0
1547730000000,3569.34,3575.65,3563.02,3568.2,909.2830510000002,7386,0
1547733600000,3568.2,3579.57,3558.87,3575.83,1096.288328,8134,0
1547737200000,3575.83,3605,3570,3597.62,2046.588773,12797,0
1547740800000,3597.17,3633,3576.12,3581.98,2791.4562930000006,15367,0
1547744400000,3581.98,3600.98,3573,3594.27,1597.2028349999996,9652,0
1547748000000,3594.02,3618.78,3593.75,3605.69,1757.9066180000004,11128,0
1547751600000,3605.97,3613.91,3600.72,3604.95,1122.2459560000002,7909,0
1547755200000,3604.15,3610.59,3598,3605.46,680.8115530000003,6869,0
1547758800000,3606.05,3634.7,3597.5,3603.02,1440.5149390000004,9942,0
1547762400000,3603.02,3611.73,3590,3606.82,704.2911169999996,6803,0
1547766000000,3606.83,3626.79,3604.88,3616.21,1423.9060210000005,9149,0
1547769600000,3613.32,3620,3601.64,3607.42,636.1587229999999,6234,0
1547773200000,3608.18,3613.94,3594.35,3598.52,786.6098079999998,6188,0
1547776800000,3598.52,3610,3598.5,3603.2,561.75177,5046,0
1547780400000,3603.53,3606.08,3597.78,3600.87,498.41407300000014,5769,0
1547784000000,3600.87,3604.8,3585.7,3591.2,610.7647230000003,6065,0
1547787600000,3590.65,3600,3588.98,3598.43,808.2052329999998,5778,0
1547791200000,3598.34,3611.3,3596.3,3607.85,499.4015909999999,4987,0
1547794800000,3608.85,3611.99,3597,3604.01,928.654706,7555,0
1547798400000,3604.01,3619.8,3600,3604.07,1139.14914,8080,0
1547802000000,3604.33,3613,3601.5,3611.15,1062.679271,7597,0
1547805600000,3611.15,3616.12,3590,3594.97,2424.3780499999984,10752,1
1547809200000,3594.97,3600.67,3590,3599.01,985.9380770000001,6571,1
1547812800000,3599.08,3599.83,3576.68,3589.3,1316.5178530000005,8266,1
1547816400000,3589.53,3595.9,3583.4,3587.05,760.4645490000001,6621,1
1547820000000,3587.51,3593.56,3577.41,3590.63,1091.5841950000001,7793,1
1547823600000,3591.91,3611.95,3590,3610.68,1601.6144229999998,9170,1
1547827200000,3611.09,3612.07,3583.43,3590.75,1804.569351,9360,1
1547830800000,3590.23,3597.61,3565.75,3577.44,1216.4378769999996,8323,1
1547834400000,3577.44,3587.49,3575.23,3582.23,794.6876270000002,6880,1
1547838000000,3582.56,3589,3566.1,3587.91,678.5896429999998,6509,1
1547841600000,3588,3599.25,3585.98,3593.95,675.6153270000003,6615,1
1547845200000,3593.89,3605,3590.16,3600.5,616.5763509999996,5116,1
1547848800000,3600.65,3609.19,3596.65,3598.68,686.5285960000003,5171,1
1547852400000,3598.29,3605.92,3588.5,3594.87,528.1557979999998,8497,1
1547856000000,3594.87,3610,3594.23,3597.85,633.7848459999996,7880,1
1547859600000,3598.19,3603,3596.12,3602.5,610.9131699999999,5297,1
1547863200000,3602.52,3614.79,3600.72,3605.07,772.514552,5956,1
1547866800000,3604.26,3609.5,3602.95,3606.13,512.210852,4502,1
1547870400000,3605.04,3608.73,3604,3606.9,347.6682269999999,3774,1
1547874000000,3606.66,3615,3602,3608,454.49174199999993,4819,1
1547877600000,3608,3610.89,3600.72,3602.11,458.98466599999983,4390,1
1547881200000,3602.11,3606.02,3600.72,3604.4,402.46498799999995,4072,1
1547884800000,3604.42,3614.98,3604.01,3613.2,625.458339,5579,1
1547888400000,3613.81,3616.4,3611.01,3614.53,514.5317919999997,5043,1
1547892000000,3614.48,3720,3613.4,3698.1,6346.451492000005,28064,0
1547895600000,3698.1,3702.5,3687.91,3695.38,1574.9082229999997,9813,0
1547899200000,3695.78,3697.6,3689.07,3692.77,988.3991260000001,6548,0
1547902800000,3692.63,3692.95,3681.84,3686.36,880.0448410000002,6568,0
1547906400000,3686.34,3689.64,3681.94,3685.28,723.033374,5927,0
1547910000000,3685.28,3692.8,3684.45,3685.74,708.9662609999999,6569,0
1547913600000,3685.64,3692.74,3684.5,3691.17,584.334454,6376,0
1547917200000,3691.81,3694.47,3688.68,3691.57,575.8714100000002,6580,0
1547920800000,3691.6,3695.98,3662.2,3682.35,1689.437957,11071,0
1547924400000,3682.33,3689.76,3677.59,3686.53,873.034319,7159,0
1547928000000,3686.56,3688,3670.64,3683.4,677.1206530000002,5982,0
1547931600000,3684.13,3689.23,3676.42,3681.71,405.180112,4444,0
1547935200000,3682.47,3687,3673.42,3678.14,373.63600700000006,4400,0
1547938800000,3678.16,3679.39,3665.3,3665.3,438.13671999999985,4789,0
1547942400000,3665.75,3673.86,3655,3673.86,724.8731050000002,6327,0
1547946000000,3673.81,3686,3673.72,3680.01,780.1934440000001,5622,0
1547949600000,3680,3684.63,3676.39,3680.19,473.1493119999999,4902,0
1547953200000,3680.59,3686,3679.16,3680.72,405.49177399999996,4483,0
1547956800000,3681.31,3686,3679.02,3679.93,441.77954200000005,4879,0
1547960400000,3679.61,3681.25,3673.42,3673.87,369.5202800000001,4120,0
1547964000000,3673.87,3679.43,3668.3,3675.42,730.0581249999998,5738,0
1547967600000,3675.42,3682.73,3671.82,3678.87,548.701174,4553,0
1547971200000,3678.2,3683.84,3674.76,3682.19,482.667619,5108,0
1547974800000,3682.26,3693.73,3672.8,3682.07,812.4286519999999,6208,0
1547978400000,3681.24,3683.03,3674.01,3680,806.5476949999996,5572,0
1547982000000,3679.98,3682.47,3572,3580,5165.152966999999,24974,0
1547985600000,3580,3589.66,3475,3516.01,6069.771977000002,28953,0
1547989200000,3515.99,3535.46,3510.12,3526.38,2267.514123000001,12461,0
1547992800000,3526.31,3539,3522.51,3529.38,1165.820449,8234,0
1547996400000,3529.39,3532.84,3508,3524.63,971.3882189999998,7565,0
1548000000000,3524.57,3537.6,3511.2,3527.63,968.1993900000003,8284,0
1548003600000,3527.64,3529.5,3513.99,3524.11,826.2445539999999,6516,0
1548007200000,3523.96,3529.68,3516.89,3523,487.312178,6287,0
1548010800000,3523.02,3525.08,3513.44,3518,568.7902099999999,5943,0
1548014400000,3517.99,3544.51,3510.28,3534,993.7479539999999,7943,0
1548018000000,3533.58,3547.09,3530.68,3541.05,753.4916560000001,7285,0
1548021600000,3541.39,3554.29,3538.29,3546.2,513.9414390000001,5573,0
1548025200000,3546.2,3547.77,3524,3539.28,575.15276,5530,0
1548028800000,3539.26,3549.07,3537.94,3539,700.1160189999998,6094,0
1548032400000,3539,3544.77,3531.9,3539.61,499.241032,5343,0
1548036000000,3537.19,3547,3535.01,3535.81,689.4704839999997,5205,0
1548039600000,3535.81,3536.68,3520,3530.95,773.444269,5350,0
1548043200000,3530.85,3534.94,3501,3523.86,1064.1019209999995,7810,0
1548046800000,3523.01,3527.29,3516,3525.88,626.9458569999998,5303,0
1548050400000,3525.65,3537,3520,3527,728.337501,6108,0
1548054000000,3527,3530,3511.47,3526.83,714.0635109999996,5926,0
1548057600000,3526.82,3527.98,3516.35,3523.65,564.8534950000001,5137,0
1548061200000,3524.28,3539.04,3520.21,3525.29,771.6881889999999,6313,0
1548064800000,3524.61,3547.26,3522.9,3532.01,1117.1967899999997,8322,0
1548068400000,3532,3550,3527.19,3545.05,1094.194544,8137,0
1548072000000,3545.07,3546.98,3534.03,3538.95,708.57123,5743,0
1548075600000,3538.5,3559.51,3530,3536.41,1169.8000109999996,7419,0
1548079200000,3536.29,3539.95,3525.1,3526.14,845.8974269999997,7156,0
1548082800000,3526.84,3535.72,3518.32,3528.17,1032.2485760000004,7648,0
1548086400000,3528.16,3540.81,3527.31,3536.75,767.7114380000003,6718,0
1548090000000,3536.75,3539.48,3530,3533.76,647.9514689999999,5805,0
1548093600000,3533.71,3535.35,3520.9,3534.98,749.491602,5153,0
1548097200000,3534.3,3540.22,3526,3528.82,506.213469,4574,1
1548100800000,3528.78,3531.72,3524.62,3530.4,431.72704099999993,4007,1
1548104400000,3530.42,3533.07,3501,3513,967.7680860000004,7207,1
1548108000000,3512.48,3527.98,3475.5,3522.14,1693.7603000000006,10359,1
1548111600000,3522.14,3534.34,3521.81,3526.9,779.642578,5363,1
1548115200000,3526.88,3537.87,3523,3534.39,846.6785100000002,5811,1
1548118800000,3534.99,3540,3532,3535.52,583.6133510000002,4927,1
1548122400000,3535.44,3550,3529,3529.23,588.8456249999999,4934,1
1548126000000,3530.75,3547.33,3514.43,3523,1042.082432,6991,1
1548129600000,3523.66,3590.51,3500.04,3523.86,2294.868401,6869,1
1548133200000,3523.86,3534.8,3515,3520.62,711.1482129999997,4582,1
1548136800000,3520.64,3521.9,3511.94,3514.95,579.667455,5038,1
1548140400000,3514.95,3518,3510,3515.7,579.0948570000003,4487,1
1548144000000,3516.58,3530.9,3515.07,3530.41,694.986904,5579,1
1548147600000,3530.41,3532,3510,3511.29,697.078964,5419,1
1548151200000,3510.13,3524.11,3495.5,3514.85,1279.4234430000001,6970,1
1548154800000,3514.85,3540,3434.85,3535.15,4870.586854999998,19388,1
1548158400000,3535.15,3570.32,3520,3551.02,3005.1297099999983,14665,0
1548162000000,3551.02,3560,3535.94,3550.51,1469.600031,8376,0
1548165600000,3550.51,3578,3543.47,3562.02,1223.7651369999999,10394,0
1548169200000,3562,3585,3555.45,3577.32,1437.8137009999998,9301,0
1548172800000,3577.33,3590.36,3560,3571.76,1368.9655000000005,9142,0
1548176400000,3571.74,3586.91,3561.82,3580.08,803.9810819999999,7489,0
1548180000000,3580.08,3590.8,3567.01,3588,1142.770971,8481,0
1548183600000,3589.71,3608.5,3575,3578.46,1542.8847360000002,9966,0
1548187200000,3578.89,3596.01,3578.15,3584.28,609.127763,5915,0
1548190800000,3584.28,3590.19,3564.51,3565.26,843.7978050000003,6851,0
1548194400000,3565.31,3579.67,3561.94,3577.99,575.2222589999999,5845,0
1548198000000,3577.74,3582.01,3564.01,3570.93,545.3092620000001,5367,0
1548201600000,3570.41,3580.86,3566.24,3574.99,502.32593099999985,4929,0
1548205200000,3574.9,3579.62,3571.29,3577.65,425.23934699999995,5034,0
1548208800000,3576.84,3589.95,3576,3588.52,582.1086909999999,5633,0
1548212400000,3588.52,3599.76,3575.37,3581.31,758.7612390000002,6494,0
1548216000000,3582.07,3583.01,3563,3570.24,1048.0144040000002,6630,0
1548219600000,3570.02,3575.56,3569.52,3574,606.9813890000001,5458,0
1548223200000,3573.15,3580.32,3573.15,3576.98,568.1148549999999,5032,0
1548226800000,3576.27,3577,3556.62,3561.73,800.6721269999999,6252,0
1548230400000,3561.75,3573.63,3551.92,3569.03,1067.3455470000004,7495,0
1548234000000,3569.04,3569.45,3560,3561.68,832.6710390000002,6711,0
1548237600000,3561.51,3574.64,3559.46,3573.89,848.662289,6186,0
1548241200000,3574.01,3582.96,3568.56,3577.8,965.4724130000002,7097,0
1548244800000,3577.8,3579.02,3568,3568.98,805.6502940000003,6191,0
1548248400000,3568.99,3589,3568.14,3586.75,1219.620464,7456,0
1548252000000,3586.71,3607.98,3543.99,3567.83,2746.4927749999993,15237,0
1548255600000,3568.23,3580.11,3547.44,3549.07,1291.639464,8395,0
1548259200000,3549.09,3572.19,3547.49,3570.8,974.1030439999998,7191,0
1548262800000,3571.42,3574.21,3566.08,3569.01,585.750985,5513,0
1548266400000,3568.9,3573,3563,3571.18,528.285249,4996,0
1548270000000,3571.11,3572.52,3533.39,3533.4,1824.244267,11460,0
1548273600000,3533.4,3548.4,3514.5,3534.11,3446.6177399999997,21740,0
1548277200000,3533.62,3544.71,3526,3544.5,1156.9671910000002,8393,0
1548280800000,3544.07,3555,3542.87,3552,759.3984310000001,7648,0
1548284400000,3551.99,3554.5,3541.13,3552.82,593.7035229999999,5321,0
1548288000000,3552.97,3555,3542,3551.51,547.4392520000001,4898,0
1548291600000,3551.52,3553.57,3529.22,3536,929.0919610000001,7384,0
1548295200000,3536,3550.91,3530.04,3547.14,850.6071909999997,6905,0
1548298800000,3547.14,3550,3530.45,3532.57,704.262277,6289,0
1548302400000,3532.57,3541.69,3531.76,3540,592.2859399999998,5448,0
1548306000000,3539.59,3544.28,3532,3533.59,602.4104910000002,5367,0
1548309600000,3534.19,3539.57,3532.88,3536.81,606.9272820000001,4928,0
1548313200000,3536.81,3550.61,3535.81,3546.33,927.6829100000002,5910,0
1548316800000,3546.47,3552.12,3541.46,3548.84,691.341956,5520,0
1548320400000,3548.84,3550,3540.4,3547.88,841.4928649999998,6062,0
1548324000000,3547.99,3549,3538,3543.1,735.9726509999998,4733,0
1548327600000,3543.1,3572.59,3532.6,3563.23,1563.9790089999992,9791,0
1548331200000,3562.15,3569.44,3551.56,3568.95,1028.858217,6032,0
1548334800000,3569.12,3576.97,3556.01,3560.15,1133.1601380000002,8973,0
1548338400000,3560.15,3573.99,3554.97,3562,1058.256802,8915,0
1548342000000,3562.85,3562.86,3547.09,3553.41,978.1900980000001,6193,0
1548345600000,3553.44,3556.99,3547.28,3554.69,677.8935329999999,5368,0
1548349200000,3554.23,3557.5,3543.26,3549.22,961.7384499999998,5859,0
1548352800000,3549.15,3558.92,3549.04,3555.88,702.8110250000001,5137,0
1548356400000,3555.86,3589,3555.5,3574.93,1744.8401490000003,10005,0
1548360000000,3574.78,3587.27,3562.01,3568.05,1093.727694,8286,0
1548363600000,3568.05,3569.62,3564.1,3569.56,469.96172099999995,4795,0
1548367200000,3569.56,3576.99,3566.63,3566.65,529.679926,5207,0
1548370800000,3566.5,3577.27,3553.88,3569.62,853.6396420000002,5822,0
1548374400000,3569.07,3574.3,3566.03,3569.83,453.30313600000005,4635,0
1548378000000,3569.83,3587.15,3565.03,3578.39,574.8535670000001,4657,0
1548381600000,3578.39,3579.68,3565.65,3566.92,458.176597,4571,0
1548385200000,3566.95,3574.91,3565,3568.06,363.1954990000001,3719,0
1548388800000,3568.06,3571,3567.3,3570.66,387.51286799999997,3645,0
1548392400000,3569.92,3570.8,3551,3565.52,853.9455719999999,5787,0
1548396000000,3564.8,3569.35,3555,3567.14,451.9770590000001,3843,0
1548399600000,3567.12,3571.99,3559.55,3568.48,588.472841,5439,1
1548403200000,3568.48,3568.56,3522.51,3549.67,1815.4124479999998,10476,1
1548406800000,3549.7,3564.65,3543.38,3557.28,1154.415091,8371,1
1548410400000,3557.51,3557.69,3540,3544.53,898.1577439999999,6392,1
1548414000000,3544.97,3562.58,3532.3,3541.97,1449.6525539999998,9102,1
1548417600000,3541.97,3552.61,3536.95,3548.7,902.6926280000002,6509,1
1548421200000,3548.72,3558,3544,3553.14,625.652267,9588,1
1548424800000,3553.14,3563.01,3547.01,3563.01,803.3903220000001,8639,1
1548428400000,3563.01,3568.79,3553.97,3566.92,951.8227750000002,8666,1
1548432000000,3566.44,3571,3553.78,3557.73,691.046028,7461,1
1548435600000,3557.12,3564.14,3553.54,3561.53,631.7313710000001,4902,1
1548439200000,3561.42,3562.54,3540.4,3545.3,843.7989750000002,5876,1
1548442800000,3545.32,3554,3540.35,3553.21,718.7180870000002,5268,1
1548446400000,3553.21,3559,3546.89,3558.06,337.672048,3742,1
1548450000000,3557.09,3570,3556.64,3562.77,794.8675830000002,4974,1
1548453600000,3563.23,3574,3559.43,3569.03,543.347913,4244,1
1548457200000,3569.73,3571.44,3564.15,3565.29,314.53169799999984,3686,1
1548460800000,3566.69,3571.64,3561.73,3562.68,417.695486,3966,1
1548464400000,3562.85,3568.49,3561.17,3566.9,359.1871650000001,3431,1
1548468000000,3567.3,3576.12,3561.18,3575.83,400.6238059999996,3876,1
1548471600000,3575.83,3583,3564.14,3577,1187.8390279999999,6050,1
1548475200000,3578.07,3581.95,3570.7,3572.61,656.4591120000001,4207,1
1548478800000,3572.6,3575,3567.6,3574.84,473.816455,3609,1
1548482400000,3574.07,3589,3573.93,3581.14,826.7624500000002,4900,1
1548486000000,3581.14,3662.94,3572.02,3620.58,3083.0480870000015,13891,0
1548489600000,3620.37,3624.06,3599,3602.03,1430.8505879999998,7800,0
1548493200000,3602.97,3607.17,3594.14,3597.27,911.629777,6006,0
1548496800000,3597.05,3604.39,3592.58,3595.94,691.6615749999997,4592,0
1548500400000,3595.96,3597.84,3587,3589.93,711.079817,4212,0
1548504000000,3589.93,3589.93,3573.7,3585.57,1007.3403129999998,5703,0
1548507600000,3586.33,3595.2,3585.31,3586.76,722.5495090000002,5545,0
1548511200000,3586.42,3590.27,3579.29,3585.66,650.0383179999999,5067,0
1548514800000,3585.79,3586.64,3545,3557.72,1855.300974,9227,0
1548518400000,3558.01,3566,3553.79,3562.2,795.3225810000001,5663,0
1548522000000,3562.18,3570.69,3558.9,3568.63,823.8705210000002,5687,0
1548525600000,3568.97,3572.74,3565.15,3569.42,460.4719020000002,4332,0
1548529200000,3569.98,3571.31,3565.2,3567.55,559.0862430000002,4167,0
1548532800000,3567.55,3572,3562.01,3563.71,416.9936270000002,4179,0
1548536400000,3563.76,3569.4,3562.71,3565.59,297.4463230000002,3557,0
1548540000000,3565.59,3576.76,3564.1,3574.18,322.832106,3510,0
1548543600000,3574.41,3575,3562.11,3565.25,414.6265809999997,3776,0
1548547200000,3565.62,3574.51,3539.16,3570,1131.7120980000004,8064,0
1548550800000,3570,3573.95,3558.88,3568.84,645.6351400000002,4764,0
1548554400000,3569.18,3579,3568.79,3577.44,498.24403899999993,4545,0
1548558000000,3577.44,3578.92,3570.04,3578.46,381.36488199999985,3969,0
1548561600000,3578.46,3578.92,3562.58,3565.08,697.4137789999999,5365,0
1548565200000,3565.45,3566.24,3557.65,3561.25,471.30173500000006,4265,0
1548568800000,3561.13,3567.17,3560.22,3562.08,441.59927200000004,3558,0
1548572400000,3563.6,3566.49,3554.18,3562.01,544.275109,4362,0
1548576000000,3562.77,3570.86,3562,3566.31,699.988999,5170,0
1548579600000,3566.29,3566.52,3544.3,3552.34,1053.4366870000001,6521,0
1548583200000,3552.34,3556.46,3537.88,3541.99,1397.5455499999994,9156,0
1548586800000,3541.99,3552,3526.41,3546.73,1602.0322210000004,8853,0
1548590400000,3546.17,3551.76,3539.74,3544.68,826.2822890000001,9523,0
1548594000000,3545.22,3547.77,3532,3543.56,1302.245521,8470,0
1548597600000,3543.52,3562.25,3486,3557.1,4505.2023610000015,18529,0
1548601200000,3557.1,3568,3548.47,3556.53,1311.8131040000005,7414,0
1548604800000,3557.31,3565.01,3554.89,3562.59,693.792649,5948,0
1548608400000,3562.59,3574.57,3543.07,3563.49,1261.069046,6866,0
1548612000000,3564.28,3564.5,3555.8,3557.13,786.0834829999999,5489,0
1548615600000,3557.13,3564.9,3557.1,3564.29,398.3697450000002,4793,0
1548619200000,3563.69,3571.09,3563.49,3568.68,462.19904599999995,4732,0
1548622800000,3568.59,3569.33,3556,3558.71,617.804483,4857,0
1548626400000,3559.44,3562.91,3552.72,3560.72,493.0961599999999,4835,0
1548630000000,3560.72,3562.6,3546.03,3550.84,513.090764,4607,0
1548633600000,3550.05,3557.75,3540.01,3548.12,796.7172699999999,5839,0
1548637200000,3548.99,3554.98,3521.08,3523.78,1013.40363,7409,0
1548640800000,3524.74,3536.42,3510,3517.05,1501.513846,9434,0
1548644400000,3517.06,3521.83,3477.47,3481.64,3176.711275,18577,0
1548648000000,3481.65,3499.51,3462.61,3479.01,2090.475045999999,11598,0
1548651600000,3479.01,3480.57,3435,3438.22,3058.9119969999997,14088,0
1548655200000,3438.86,3460.64,3405,3451.3,3713.581070999998,17723,0
1548658800000,3452.23,3471.58,3449.07,3454.4,1551.825996,9684,0
1548662400000,3453.72,3454.34,3426,3431.93,1307.20905,8630,0
1548666000000,3430.88,3453,3430.86,3452.5,1245.523318,7987,0
1548669600000,3452.1,3452.88,3435.15,3435.46,913.326992,7488,0
1548673200000,3436.43,3442.3,3410.02,3427.57,1398.3711560000002,9618,0
1548676800000,3427.59,3434.82,3416.98,3421.15,1750.1307040000002,9423,0
1548680400000,3421,3434,3416.28,3427.92,1240.3356490000003,8077,0
1548684000000,3427.67,3428.69,3418,3426,1259.0211,7200,0
1548687600000,3426.5,3435.7,3380.27,3420.06,5921.6505499999985,26803,0
1548691200000,3420.5,3435.7,3408.9,3411.05,2338.3075099999996,13250,0
1548694800000,3410.95,3423.8,3408.82,3418.64,1174.4387289999997,9783,0
1548698400000,3419.75,3430,3418.25,3424.01,1038.2970660000003,7373,0
1548702000000,3424.03,3426.93,3414.28,3424.39,704.0962400000001,6442,0
1548705600000,3424.41,3434,3420.07,3428,859.3922400000001,7908,0
1548709200000,3427.43,3433.3,3420.97,3423.01,677.4742820000001,6467,0
1548712800000,3423.03,3439.67,3422.87,3435.07,703.9577170000002,6692,0
1548716400000,3437.31,3445.99,3433.01,3434.15,970.4389669999996,7855,0
1548720000000,3434,3443.45,3433,3436.54,885.102362,6423,0
1548723600000,3436.24,3436.54,3416.04,3420.37,954.6497270000002,6857,0
1548727200000,3419.68,3425.86,3417.42,3421.9,553.7458620000001,5590,0
1548730800000,3420.51,3423.39,3402.83,3406.18,1240.1093529999998,7331,0
1548734400000,3406.27,3414.68,3400,3402.64,951.7725869999996,6454,0
1548738000000,3402.66,3406.83,3371,3385.42,2313.9754309999985,10364,0
1548741600000,3385.12,3400,3370.83,3386.96,1874.9670080000008,9751,0
1548745200000,3386.94,3386.97,3349.92,3366.41,2409.5906079999995,10612,1
1548748800000,3366.63,3394.93,3364.5,3383.17,1945.7039109999998,9634,0
1548752400000,3383.01,3403.23,3380,3394.97,1456.8724829999999,8305,0
1548756000000,3394.95,3394.95,3383.41,3392.6,924.710323,6687,0
1548759600000,3393,3398.13,3381,3385.32,918.8357579999999,6329,0
1548763200000,3385.34,3400,3381,3394.11,1270.3891510000003,7595,1
1548766800000,3393.78,3420,3393.53,3409.4,1880.6009530000003,10162,0
1548770400000,3409.42,3422,3401.12,3420.41,1429.5242349999996,8493,0
1548774000000,3420.41,3428.27,3409.98,3426.62,1218.2111519999994,7580,0
1548777600000,3426.15,3442,3418.46,3418.58,1811.3230100000003,9473,0
1548781200000,3418.81,3431.48,3409.94,3413.97,1215.8478610000004,7950,0
1548784800000,3413.99,3416.86,3405.61,3413.41,740.0580679999998,6059,0
1548788400000,3413.41,3424.68,3410.97,3419.44,597.0647829999999,5477,0
1548792000000,3419.69,3434.94,3412,3412.95,734.9404409999999,5841,0
1548795600000,3412.01,3422.36,3409.33,3418.25,631.3910880000002,5159,0
1548799200000,3417.88,3419.5,3400,3409.89,736.4203540000003,6231,0
1548802800000,3409.66,3418.13,3404.01,3411.04,849.1224679999999,5547,0
1548806400000,3410.04,3411.85,3387.1,3394.75,1099.2171350000003,8310,1
1548810000000,3394.75,3405.84,3391.87,3403.83,603.7462210000001,4936,1
1548813600000,3403.83,3420,3398.47,3414.63,662.8267010000002,5155,1
1548817200000,3414.43,3427.67,3413.72,3420.34,855.7921380000003,6566,1
1548820800000,3419.89,3437.49,3419.67,3426.62,1074.434231,6534,0
1548824400000,3426.62,3447,3425.18,3433.49,1046.4661239999996,6054,0
1548828000000,3434.13,3436.94,3421.02,3423.22,1037.6956260000002,5825,0
1548831600000,3423.21,3430,3417.44,3428.83,824.1241300000002,5532,0
1548835200000,3429.24,3436.27,3422.99,3433.15,768.9529470000001,5413,0
1548838800000,3432.59,3434.65,3422.5,3428.28,952.6699699999999,5744,0
1548842400000,3427.98,3439.95,3425,3434.94,729.8339109999996,7316,0
1548846000000,3434.94,3447.9,3422.54,3429.25,1041.9893870000005,9158,0
1548849600000,3429.62,3470,3428.72,3457.74,2816.2081390000003,18258,0
1548853200000,3457.79,3476.36,3452,3458.82,2350.644000999999,15352,0
1548856800000,3458.9,3463.89,3450,3462.45,1260.303697,9877,0
1548860400000,3462.64,3468,3450.21,3464.01,994.5581970000003,6377,0
1548864000000,3464.03,3470,3454.97,3458.56,1158.8544290000004,6407,0
1548867600000,3459.5,3469,3458.54,3465.6,710.46086,5526,0
1548871200000,3465.74,3478,3462.62,3469.7,867.6830809999998,6451,0
1548874800000,3469.72,3470.87,3456.74,3458.77,728.2745029999998,5710,0
1548878400000,3458.65,3460.77,3446.82,3453.7,1030.7706509999998,6767,0
1548882000000,3453.7,3457.5,3448.04,3456.27,410.13800200000014,4481,0
1548885600000,3456.25,3468.63,3454.42,3468.37,385.75650399999995,4374,0
1548889200000,3468.49,3469,3452,3458.18,556.8596580000001,5054,0
1548892800000,3457.5,3489.2,3456.75,3480.71,1148.326231,7790,0
1548896400000,3481.18,3481.7,3468,3472.65,763.6335590000002,6234,0
1548900000000,3471.36,3476.98,3462.97,3470.68,780.3948660000002,5302,0
1548903600000,3470.63,3472.63,3463.46,3465.32,473.9732709999998,4505,0
1548907200000,3465.32,3467.77,3455.3,3466.2,794.9657409999999,5483,0
1548910800000,3467.7,3470.81,3465,3466.94,802.4632,4553,0
1548914400000,3465.77,3478,3464.07,3473,532.4782400000001,4485,0
1548918000000,3473.02,3480,3466.52,3476.57,744.647213,5079,0
1548921600000,3477.08,3477.08,3432.02,3442.98,2381.2906850000004,12136,0
1548925200000,3442.98,3449,3426.7,3444.56,1897.078062,9737,0
1548928800000,3444.56,3454.23,3418.8,3425.7,5387.615012000001,25669,0
1548932400000,3425.69,3434.14,3420.01,3427.81,2364.0345749999997,13050,0
1548936000000,3427.79,3444.88,3420.3,3437.62,1848.1174850000002,9916,0
1548939600000,3437.36,3444,3433.63,3441.62,1056.4368930000003,6849,0
1548943200000,3441.62,3441.62,3423.06,3429,1206.04063,8960,0
1548946800000,3429.28,3440.7,3427.16,3436.56,762.436383,6329,0
1548950400000,3435.82,3440.81,3426.01,3427.2,899.7020270000003,7407,0
1548954000000,3427.2,3436.04,3425,3428.3,854.3405899999998,6262,0
1548957600000,3429.02,3430.47,3419.33,3424.63,854.7208749999999,6889,0
1548961200000,3425.22,3443,3419.33,3434.28,951.2264389999998,6730,0
1548964800000,3433.58,3447.52,3427.19,3447.5,726.8133329999998,6098,0
1548968400000,3447.16,3448,3435.44,3441.94,633.9944049999998,5251,0
1548972000000,3441.15,3449.58,3437.03,3445.65,633.3458519999999,6176,0
1548975600000,3446.44,3447,3425.36,3434.1,1109.1146860000003,7278,0
1548979200000,3434.1,3440.15,3425,3430.74,1230.4596969999989,7251,0
1548982800000,3430.74,3432.03,3401.2,3412.75,1891.7707820000005,10672,1
1548986400000,3412.79,3421.49,3403.02,3416.25,1166.8517719999998,7012,1
1548990000000,3415.97,3423.24,3410,3418.5,648.415115,5221,1
1548993600000,3418.84,3420.24,3411,3415.84,812.1032260000002,5626,1
1548997200000,3414.76,3422,3414.35,3419.81,645.712132,5004,0
1549000800000,3419.03,3427.05,3412.66,3427.05,848.6118399999998,6551,0
1549004400000,3426.26,3428.51,3412.41,3420.03,1224.817307,7821,0
1549008000000,3419.44,3452.74,3417.81,3437.98,1397.7484319999996,6877,0
1549011600000,3437.78,3439.68,3429.09,3434.64,1022.6231909999999,5608,0
1549015200000,3433.87,3446,3429.83,3444.85,917.895399,5587,0
1549018800000,3444.02,3477,3442.95,3459.18,2430.310235000001,11704,0
1549022400000,3460.56,3479.99,3458.59,3461.12,1715.6847780000003,8538,0
1549026000000,3461.12,3470.99,3461.12,3469.83,953.8656679999997,6748,0
1549029600000,3469.83,3475,3461.21,3467,918.7017020000001,6311,0
1549033200000,3467,3469.45,3452.2,3463.02,831.6333390000001,6420,0
1549036800000,3463.02,3464.95,3450,3457.31,766.557511,6011,0
1549040400000,3458.33,3468,3457.05,3459.99,921.624241,5746,0
1549044000000,3459.99,3473.65,3458.05,3472.01,685.637845,5134,0
1549047600000,3472.22,3488,3467.95,3474.52,1475.4978229999997,7826,0
1549051200000,3475.01,3484,3474.41,3476.15,925.7136649999999,6288,0
1549054800000,3476.17,3483.56,3467.43,3482.43,695.977427,5336,0
1549058400000,3482.62,3485,3470.33,3475.3,499.7405550000001,4283,0
1549062000000,3474.5,3486.63,3461.29,3462.07,632.522477,5876,0
1549065600000,3462.2,3470.45,3460.43,3460.88,794.0840660000003,5171,0
1549069200000,3461.72,3463.92,3455.36,3459.43,492.77059,4778,0
1549072800000,3459.3,3469.38,3457.17,3465.43,483.98030499999993,5921,0
1549076400000,3465.75,3471,3461.99,3465,545.5475339999998,6302,0
1549080000000,3465.64,3469,3458.27,3459.22,487.33211799999987,6007,0
1549083600000,3459.21,3460.25,3442.11,3452,829.1934999999999,8024,1
1549087200000,3452,3453.28,3440.29,3447.89,936.4950129999997,7397,1
1549090800000,3447.86,3456.52,3446.84,3453.55,662.180172,6756,1
1549094400000,3453.09,3455.5,3443.4,3452.5,657.0360840000002,6275,1
1549098000000,3452.6,3466.49,3445.43,3464.74,804.0877559999999,5967,0
1549101600000,3465.3,3469.99,3459.3,3465.12,679.9946839999998,5126,0
1549105200000,3465.75,3481.59,3462.5,3477.67,1280.6945549999991,8486,0
1549108800000,3477.83,3479.74,3468.17,3468.84,940.876467,7346,0
1549112400000,3469.36,3474.88,3464.18,3465.55,506.0930659999999,5512,0
1549116000000,3465.06,3469.85,3456.49,3465.66,796.4328229999996,6521,0
1549119600000,3466.93,3467.96,3453.39,3457.56,709.3537819999999,5454,0
1549123200000,3457.56,3460,3444.01,3459.88,886.2163309999995,5528,0
1549126800000,3459.87,3467.39,3454.02,3464.39,500.487499,4203,0
1549130400000,3465.61,3467.5,3458.01,3466.89,393.00297100000006,3804,0
1549134000000,3467.19,3479,3463.01,3468.19,611.181971,4724,0
1549137600000,3468.9,3472.98,3457.56,3460,440.254639,3979,0
1549141200000,3460.32,3469.38,3457.58,3466.3,332.849845,3577,0
1549144800000,3466.3,3474,3462.58,3467.14,471.42495299999996,4076,0
1549148400000,3466.83,3526.4,3462.55,3504.77,2679.2312760000004,13082,0
1549152000000,3504.06,3511.09,3482,3494.7,1432.4486099999997,8413,0
1549155600000,3493.23,3495.19,3482.05,3487.84,617.3490360000001,4834,0
1549159200000,3488.25,3494.96,3481,3481.63,628.7556430000001,4479,0
1549162800000,3481.41,3484.14,3470,3482.58,632.25344,4311,0
1549166400000,3483.06,3486.86,3470.36,3476.87,453.6621530000001,3892,0
1549170000000,3476.04,3484.1,3473.17,3481.08,401.654326,3995,0
1549173600000,3482.13,3484.71,3464.2,3470.93,639.5488809999999,5158,0
1549177200000,3470.95,3472,3457.38,3462.54,863.7475780000002,5663,0
1549180800000,3462.99,3463.83,3447.44,3458.76,1340.848524,7231,0
1549184400000,3458.78,3461.21,3453.13,3456.01,802.464211,4600,0
1549188000000,3456.95,3474.94,3454,3466.7,698.9414349999998,4815,0
1549191600000,3466.68,3471,3457.4,3463.7,519.7189410000002,4459,0
1549195200000,3462.69,3467.17,3455.29,3465.85,643.03954,4524,0
1549198800000,3465.85,3473.44,3463.73,3469.36,1023.1718329999994,6291,0
1549202400000,3468.46,3469.35,3457.42,3460.46,627.8082050000002,4678,0
1549206000000,3460.41,3466.01,3448.15,3463.5,1022.6890309999998,6235,0
1549209600000,3462.8,3468.98,3459.07,3467.91,945.499758,5525,0
1549213200000,3467.9,3467.9,3459.05,3460,459.8896270000001,3855,0
1549216800000,3460,3467.95,3459.03,3466.88,567.3660370000002,4207,0
1549220400000,3466.88,3468.99,3431.4,3445.6,1356.6699609999998,7715,0
1549224000000,3445.6,3445.98,3431.23,3443,1290.3876760000003,8953,0
1549227600000,3443,3443.92,3426,3434.85,1151.481824,6137,0
1549231200000,3435.21,3452,3431.05,3450.86,728.4384799999999,5180,0
1549234800000,3451.73,3466.55,3445.3,3458.11,1019.5016399999998,5951,0
1549238400000,3458.11,3471.84,3455,3462.51,849.6440639999998,5142,0
1549242000000,3461.98,3471.27,3457.4,3468.79,637.542257,4767,0
1549245600000,3469.62,3471.29,3452.27,3456.3,715.2658729999996,5063,0
1549249200000,3457.71,3462.18,3452.49,3458.28,988.896218,5300,0
1549252800000,3458.28,3467.78,3456.9,3462.02,746.927303,5401,0
1549256400000,3461.06,3462.52,3453.18,3457.63,511.7648860000001,4167,0
1549260000000,3457.87,3466.73,3456.02,3460.12,548.4388379999999,4214,0
1549263600000,3460.3,3467.07,3457.59,3463.02,505.65470800000014,4337,0
1549267200000,3463.02,3484.88,3459,3461.48,1483.3425759999998,8808,0
1549270800000,3462.78,3467.87,3445.49,3448.96,1933.8508419999998,10296,0
1549274400000,3448.98,3455.79,3444.13,3450.13,859.5506179999998,5408,0
1549278000000,3451.15,3453.37,3434.1,3436.04,1405.4706720000001,7356,0
1549281600000,3436.39,3452.23,3433.31,3451.83,1298.6344100000001,6664,0
1549285200000,3451.09,3454.76,3445,3451.79,804.5821650000001,5156,0
1549288800000,3451.79,3461,3444.55,3450.35,1054.4737910000001,6038,0
1549292400000,3450.38,3460,3448.21,3459.65,709.0735690000001,4696,0
1549296000000,3459.16,3467,3457.52,3458.74,1546.9048080000005,8538,0
1549299600000,3457.94,3467.06,3457.51,3465.9,885.6160969999999,5674,0
1549303200000,3465.58,3475,3460.71,3467.52,946.8032520000003,6125,0
1549306800000,3467.99,3473,3461.47,3469.03,514.659641,4630,0
1549310400000,3469.03,3475,3460.01,3462,879.9106430000004,8394,0
1549314000000,3462,3475.79,3461,3468.51,978.419528,7172,0
1549317600000,3468.52,3474,3453.82,3460.25,1423.758037,9034,0
1549321200000,3460.25,3468.78,3455.41,3463.22,902.7963120000002,6043,0
1549324800000,3463.22,3465,3455.69,3463.77,700.019542,5409,0
1549328400000,3463.29,3468.12,3452.01,3455,936.8930929999997,5849,0
1549332000000,3455.24,3468.75,3448.43,3460.45,963.957479,6619,0
1549335600000,3459.84,3471.86,3451.38,3463.91,1669.687766,7747,0
1549339200000,3463.47,3471.89,3461.07,3467.63,1444.4333549999992,7674,0
1549342800000,3468.28,3471.67,3456.95,3465.99,1339.9910579999996,8223,0
1549346400000,3465.97,3470,3462.11,3465.14,1062.457244,6266,0
1549350000000,3465.65,3468.23,3457.16,3464.42,1084.3844060000001,6309,0
1549353600000,3464.42,3470.3,3462.21,3466.34,759.1053870000002,5134,0
1549357200000,3466.32,3477.78,3461.21,3476.41,1247.2353739999994,7011,0
1549360800000,3476.78,3478.97,3469.4,3470.88,863.605897,5861,0
1549364400000,3471,3473,3461.21,3469.91,898.9295789999999,5502,0
1549368000000,3469.89,3471.68,3460,3462.86,992.2497849999999,5856,0
1549371600000,3462.89,3466.24,3457.96,3465.64,854.8157180000001,5609,0
1549375200000,3465.64,3468.17,3454,3455.31,1210.612665,7288,0
1549378800000,3455.3,3463.81,3449.05,3460.44,1806.1093079999998,8291,0
1549382400000,3461.18,3461.6,3453.09,3459.94,1043.1703820000002,6956,0
1549386000000,3460.1,3464.63,3454,3456.67,807.331632,5711,0
1549389600000,3456.82,3468.16,3455.67,3456,1077.3630210000001,6306,0
1549393200000,3455.95,3468.17,3449.49,3463.81,1473.695317,8018,0
1549396800000,3463.81,3466.99,3455.42,3462.44,789.1724979999999,5874,0
1549400400000,3461.74,3468.17,3458.69,3460.69,618.6001959999999,5351,0
1549404000000,3460.69,3470.39,3460,3462.37,864.2870559999998,5771,0
1549407600000,3461.86,3472,3458.29,3471.59,756.3072719999997,6252,0
1549411200000,3471.57,3482.72,3451.1,3458.95,1510.6902999999998,8407,0
1549414800000,3459.26,3463.51,3380,3417.02,6908.063203000001,26320,0
1549418400000,3418.18,3425.01,3408.31,3420.84,1537.1560009999998,9625,0
1549422000000,3419.78,3432.73,3416,3423.35,1753.2416040000007,8902,0
1549425600000,3423.96,3423.97,3402.46,3413.05,1622.1528280000016,8640,0
1549429200000,3412.26,3419.95,3412.26,3418,629.5396489999999,5524,0
1549432800000,3418,3421.24,3415,3416.74,543.8732009999998,5140,0
1549436400000,3416.09,3426.83,3415.39,3424.77,819.9656279999996,5812,0
1549440000000,3424.79,3424.79,3400,3409.76,1587.0351219999998,7443,0
1549443600000,3409.99,3414.44,3403.92,3410.32,984.5180930000002,6408,0
1549447200000,3410.67,3413.6,3396.17,3408.93,1034.007372,6803,0
1549450800000,3408.58,3409.56,3396.67,3399.82,874.1902309999998,6613,0
1549454400000,3399.79,3410,3392.11,3407.93,1432.5980179999992,6738,0
1549458000000,3408,3409.32,3400.08,3404.31,826.0369910000001,5100,0
1549461600000,3404.56,3406.1,3392.84,3400.98,1251.2259779999995,6314,0
1549465200000,3400.64,3422.02,3382.26,3422.02,1959.5364829999992,10619,0
1549468800000,3421.07,3434.59,3405.01,3411.7,2791.1306959999997,14461,0
1549472400000,3411.1,3411.95,3395.77,3402.44,1242.5564189999996,7609,0
1549476000000,3402.09,3408,3385.26,3406.04,1871.4584139999995,9762,0
1549479600000,3406.37,3406.96,3392.29,3398.39,1109.7963110000005,5985,0
1549483200000,3398.41,3405.85,3393.54,3402,871.2986289999999,6104,0
1549486800000,3402,3407.23,3398.87,3405.98,684.808194,5998,0
1549490400000,3405.98,3408.52,3399.43,3405.88,763.0090419999999,7046,0
1549494000000,3405.43,3409.26,3402.16,3405.37,702.3564389999998,5249,0
1549497600000,3407,3407.01,3398.02,3402.95,826.4804389999998,6101,0
1549501200000,3403.83,3409.54,3402.94,3407.03,619.871059,5610,0
1549504800000,3407.03,3408.99,3402.39,3407.25,642.5152439999999,5797,0
1549508400000,3406.71,3414,3404.77,3413.12,572.36451,5045,0
1549512000000,3413.49,3415.82,3410.18,3411,512.3008070000001,4751,0
1549515600000,3411,3416.2,3410.7,3414.69,740.6709349999999,5066,0
1549519200000,3415.51,3420,3406,3411.25,971.894503,6230,0
1549522800000,3411.25,3414.99,3408.02,3412.15,592.5100259999997,5324,0
1549526400000,3412.17,3417.59,3409.66,3417.26,817.0667460000004,9953,0
1549530000000,3417.26,3419.88,3412.05,3419.5,1002.83541,9139,0
1549533600000,3419.5,3425,3416.08,3421.05,1040.597712,7883,0
1549537200000,3421.36,3426.45,3407.05,3408.05,1648.143194,7320,0
1549540800000,3407.81,3413.16,3400,3404.97,1061.1934570000003,6404,0
1549544400000,3405,3413,3399,3407.04,1095.676838,6102,0
1549548000000,3407.03,3410.82,3400,3409.7,946.0341790000001,5947,0
1549551600000,3409.71,3413.16,3401,3407.03,644.6280499999999,5807,1
1549555200000,3407.03,3412.24,3401.11,3403.12,808.681079,5996,1
1549558800000,3402.47,3404.4,3392,3397.82,866.8182629999999,6433,1
1549562400000,3397.87,3404.05,3394,3398.98,673.7526069999999,5510,1
1549566000000,3398.54,3400,3390,3399.55,658.0005830000002,4554,1
1549569600000,3399.43,3402.09,3390.11,3401.22,581.9758239999999,4982,1
1549573200000,3401.8,3403.31,3394.12,3395,631.1245170000002,3954,1
1549576800000,3395.19,3401.8,3393.55,3401.01,347.6468040000002,3732,1
1549580400000,3400.57,3401.21,3391.18,3398.4,362.75585199999995,4107,1
1549584000000,3398.4,3398.71,3390.37,3393.78,644.753349,4976,1
1549587600000,3393.35,3396,3387,3389.51,643.571717,4751,1
1549591200000,3389.98,3398.45,3373.1,3394.32,1323.2724239999998,7010,1
1549594800000,3394,3407.78,3393.47,3404.08,689.6234350000002,4154,1
1549598400000,3403.77,3404.33,3397.14,3399.84,556.3584179999999,3804,1
1549602000000,3400.47,3411,3399.47,3408.29,723.237605,4828,1
1549605600000,3408.92,3409.94,3400.5,3407.65,658.7986870000001,4050,1
1549609200000,3408.66,3408.66,3392.97,3394.78,627.6702489999996,4859,1
1549612800000,3395.24,3429.6,3394.89,3413.8,1305.0266950000002,8759,1
1549616400000,3413.78,3450.5,3413.78,3426.58,2625.117788000002,13491,1
1549620000000,3426.56,3439.38,3424.71,3432.85,1470.41411,7671,1
1549623600000,3433.51,3441.79,3427.96,3430,1675.042054,7076,1
1549627200000,3430,3447.99,3429,3439.25,2338.9275630000016,9551,1
1549630800000,3439.1,3449.97,3436.66,3447,1101.9054599999995,6775,1
1549634400000,3447.53,3469.89,3445.6,3457,1660.7921030000005,8512,1
1549638000000,3456.21,3512.8,3452.97,3507.34,3483.529040999998,19039,1
1549641600000,3506.42,3733.58,3485.24,3687,9099.779952000003,40072,0
1549645200000,3687.15,3692.08,3632.25,3662.59,7484.714691999999,35393,0
1549648800000,3662.6,3677.65,3647.45,3654.03,2807.957403000001,15269,0
1549652400000,3654.76,3669.61,3648.23,3668.3,1641.7060689999998,9400,0
1549656000000,3668.28,3669.99,3657.13,3660.53,1389.670673,9343,0
1549659600000,3660.53,3664.2,3612,3630.93,2070.370071999999,14142,0
1549663200000,3630.94,3645,3625.36,3633.64,846.1222100000002,8799,0
1549666800000,3633.64,3665,3630.6,3659.04,1099.6962440000002,9150,0
1549670400000,3660.27,3667.89,3641.34,3654.84,1314.9176590000002,10883,0
1549674000000,3654.39,3656.74,3641.45,3644.3,876.9690579999998,8161,0
1549677600000,3644.28,3647.51,3635,3645.62,867.0246899999999,8232,0
1549681200000,3645.61,3649.67,3640,3646.45,842.7480980000001,6983,0
1549684800000,3647.19,3656.61,3642.19,3652.72,846.4166549999998,7385,0
1549688400000,3652.72,3653.36,3643.78,3648.32,616.6610620000001,5939,0
1549692000000,3647.31,3653.79,3646.24,3647.14,636.10581,6212,0
1549695600000,3647.14,3666.46,3646.3,3660.86,1168.2423480000007,8688,0
1549699200000,3661.95,3677.32,3651.69,3660.54,2100.3967010000006,12959,0
1549702800000,3660.56,3670.23,3653.04,3657.54,1176.3111689999994,7245,0
1549706400000,3657.53,3669,3655.02,3661.01,988.8156130000001,7490,0
1549710000000,3660.6,3665.32,3656.39,3662.02,871.2569949999997,7009,0
1549713600000,3662.32,3666.89,3645,3654.36,1109.5473760000002,9356,0
1549717200000,3655.3,3669.25,3653.69,3664,1267.8186719999999,10325,0
1549720800000,3664,3680.02,3651.05,3660.29,1595.5532689999998,9051,0
1549724400000,3660.45,3662.39,3640,3645.02,1298.5366120000003,8517,0
1549728000000,3645.02,3652.84,3625.13,3646.22,1353.6395999999997,9538,0
1549731600000,3645.95,3647.85,3636.31,3642.66,967.540567,7236,0
1549735200000,3642.66,3645,3637.39,3640.37,668.1740770000001,6262,0
1549738800000,3640.06,3655,3640.05,3652.19,996.9949129999998,6273,0
1549742400000,3653.56,3658.41,3650,3656.62,1005.92485,6149,0
1549746000000,3657.42,3669.73,3655,3665.78,1045.751386,5950,0
1549749600000,3665.78,3667.32,3656,3660.37,713.0213110000001,4513,0
1549753200000,3660.83,3673,3657.2,3665.18,431.465228,4402,0
1549756800000,3665.18,3674,3656.85,3657.19,615.4758310000001,5899,0
1549760400000,3658.23,3663,3649.98,3655.84,677.2112130000002,6082,0
1549764000000,3655.26,3662.12,3653.06,3653.08,497.0722929999998,4704,0
1549767600000,3654.13,3657.65,3646.44,3654.84,535.3584409999999,4758,0
1549771200000,3654.8,3660,3651.16,3658.55,450.0213769999999,4277,0
1549774800000,3658.17,3659.46,3651,3654.9,498.94043500000004,4895,0
1549778400000,3653.12,3654.84,3630.98,3634.81,1332.7711479999998,8904,0
1549782000000,3635.92,3641.03,3609.76,3632.12,1976.6059269999987,11872,0
1549785600000,3632.1,3642,3631.03,3638.36,1217.6547850000002,7288,0
1549789200000,3638.36,3639.1,3631.95,3636.98,739.2757339999997,5866,0
1549792800000,3636.66,3647.95,3636.46,3644.89,863.520069,6482,0
1549796400000,3644.77,3647.95,3630.78,3638.34,624.0080639999998,5786,0
1549800000000,3639.53,3642.78,3622.5,3626.17,840.0103320000001,6732,0
1549803600000,3625.94,3635.04,3616,3630.78,1384.3705340000001,7920,0
1549807200000,3630.78,3637,3615.53,3619.5,976.2396430000001,6823,0
1549810800000,3619.5,3634.77,3618.46,3626.6,1238.0785379999998,6816,0
1549814400000,3628.73,3655,3624.03,3647.05,1561.5250470000005,10138,0
1549818000000,3647.12,3651.06,3631.94,3638.41,1098.0581920000004,7301,0
1549821600000,3638.85,3650,3638.32,3646.32,674.258621,5525,0
1549825200000,3646.32,3649,3637.55,3645.69,677.18443,5946,0
1549828800000,3645.47,3645.71,3636,3639.73,564.1827109999999,4849,0
1549832400000,3639.37,3646.17,3636.63,3645.39,498.2484179999999,4506,0
1549836000000,3645.4,3665,3640,3658.9,1123.474783,7787,0
1549839600000,3657.91,3684.99,3651.93,3680.06,2587.0560680000003,12613,0
1549843200000,3679.75,3684.9,3620.17,3641.68,3262.7223999999997,15816,0
1549846800000,3640.59,3641.11,3622,3632.1,931.19346,6480,0
1549850400000,3632.09,3641.59,3626.96,3628.98,514.589611,4962,0
1549854000000,3629.37,3634.52,3621.29,3623.11,865.844944,5886,0
1549857600000,3623.11,3629.11,3616.66,3628.6,527.4393619999998,4583,0
1549861200000,3628.62,3628.99,3617.2,3620.77,606.798875,5571,0
1549864800000,3620.98,3633.88,3619.51,3633.88,772.4881339999998,6009,0
1549868400000,3633.01,3638.73,3628.63,3635.64,787.4467159999999,5771,0
1549872000000,3634.87,3636.49,3624.84,3628.22,1082.258058,6648,0
1549875600000,3628.24,3637.1,3621,3634.35,698.8470669999998,5525,0
1549879200000,3634.86,3644.16,3623,3632.59,920.3237060000002,6256,0
1549882800000,3632,3634.96,3623.5,3626.16,753.7650119999996,6086,0
1549886400000,3626.16,3640.99,3624.08,3637.3,1162.890756,7579,0
1549890000000,3637.03,3657.2,3630.67,3642,1433.957492,8961,0
1549893600000,3641.45,3653.58,3636,3649.74,1382.6855390000003,8218,0
1549897200000,3649.96,3649.97,3630.01,3643,1254.356959,7850,0
1549900800000,3642.99,3643.66,3615.53,3632.1,1729.4786139999997,9658,0
1549904400000,3632.09,3640.29,3626.27,3638.22,837.4851340000001,6336,0
1549908000000,3637.02,3642.05,3632.35,3640.39,715.348183,5666,0
1549911600000,3640.39,3648.64,3635.68,3643.95,986.3340170000001,6075,0
1549915200000,3644.66,3649,3637.14,3643.41,1249.358702,6475,0
1549918800000,3643.65,3646,3629,3635,1037.2567279999998,6830,0
1549922400000,3636.02,3644,3627,3638.03,768.9831349999997,6413,0
1549926000000,3638.03,3638.39,3624.88,3631.05,672.7619670000003,5627,0
1549929600000,3631.05,3632.82,3582.34,3607.65,2763.6077269999982,13576,0
1549933200000,3607.21,3618.45,3598.01,3610.22,920.8854890000001,6405,0
1549936800000,3609.63,3623.81,3604.01,3613.39,1033.1239520000001,6797,0
1549940400000,3614.46,3625.68,3613.54,3624.04,981.3095389999999,6476,0
1549944000000,3624.07,3632.25,3617.48,3626.58,910.43398,6096,0
1549947600000,3626.58,3634.19,3623,3627.01,814.0216599999998,5254,0
1549951200000,3627.24,3629.71,3618.26,3628.22,738.2492799999999,5861,0
1549954800000,3628,3631.17,3612.9,3625.49,961.2845330000002,6347,0
1549958400000,3625.58,3627.5,3598.77,3605.99,1512.6344989999998,9251,0
1549962000000,3605.99,3614.43,3595.71,3604.15,1369.433557,9103,0
1549965600000,3604.15,3612.28,3596.46,3609,1128.5578830000002,7156,0
1549969200000,3609,3616.8,3606.27,3611,805.0468129999999,6379,0
1549972800000,3610.75,3629.72,3608.75,3622.85,1329.4506740000002,8325,0
1549976400000,3623.92,3638,3611.1,3622.34,1654.8184420000002,8955,0
1549980000000,3622.34,3627.73,3614,3621,1286.7401280000001,8596,0
1549983600000,3621,3628.77,3610.5,3620.03,1337.2891570000002,8673,0
1549987200000,3620.03,3631.48,3616.53,3619.98,1142.81486,6929,0
1549990800000,3619.99,3636.97,3619.99,3626.27,908.99955,6403,0
1549994400000,3627,3667.6,3626.34,3635.4,1962.773991,11166,0
1549998000000,3635.88,3647.91,3634.67,3640.95,1749.0159649999998,8926,0
1550001600000,3640.18,3654.94,3640.18,3647.64,1057.5183050000005,7183,0
1550005200000,3647.62,3652,3609,3619.41,1282.3794769999995,10430,0
1550008800000,3619.53,3631,3610.52,3620.64,969.9683140000001,7708,0
1550012400000,3620.64,3638.85,3620.43,3631.46,859.2404549999998,5834,0
1550016000000,3631.51,3642.85,3624,3636.73,635.831125,5139,0
1550019600000,3636.74,3640.59,3631.95,3637.61,683.119172,5005,0
1550023200000,3637.37,3640,3628.93,3635.86,1047.493843,5789,0
1550026800000,3635.31,3642.88,3631.49,3640.52,877.9752450000002,5310,0
1550030400000,3640.99,3643,3631.66,3638.3,776.7131419999996,5298,0
1550034000000,3638.31,3647,3634.24,3643.38,1047.6634549999999,6824,0
1550037600000,3643.38,3670,3635,3640.42,2453.6495,11413,0
1550041200000,3640.83,3641.19,3625.76,3634,1265.7483949999994,7302,0
1550044800000,3633.98,3638.2,3615.4,3616.63,1690.446653,8277,0
1550048400000,3616.2,3628.12,3614,3620.75,1345.5628319999998,9204,0
1550052000000,3621.1,3628.84,3613.31,3617,1038.8384490000003,6385,0
1550055600000,3617.45,3620,3601.68,3613.79,1491.1661590000006,8343,0
1550059200000,3613.79,3623.8,3605.44,3621.35,1295.389116,8050,0
1550062800000,3621.44,3626.15,3612.93,3614.75,856.454904,5787,0
1550066400000,3614.75,3617.49,3607,3608.28,956.9471610000002,6870,0
1550070000000,3608.03,3608.78,3591.75,3595.1,1789.9648479999994,10194,0
1550073600000,3595.1,3615.23,3593.22,3610.6,1480.2747930000007,7669,0
1550077200000,3610.4,3614.99,3606.3,3608.65,773.0381800000001,6215,0
1550080800000,3608.63,3615.5,3606.61,3612.5,790.082941,5216,0
1550084400000,3612.48,3615,3602,3602.95,1121.323082,6130,0
1550088000000,3602.97,3612.51,3597.44,3601.16,640.7881689999999,4807,0
1550091600000,3601.16,3610,3594.81,3603.49,820.8477439999999,5566,0
1550095200000,3603.48,3611.7,3600.05,3605.81,441.26963100000006,4643,0
1550098800000,3605.81,3613.78,3603.18,3609.4,453.409109,4368,0
1550102400000,3608.34,3626.4,3605.79,3619.98,836.2917369999997,5643,0
1550106000000,3619.55,3625.93,3615,3617.37,1104.1194050000001,5862,0
1550109600000,3616.9,3622.41,3606.4,3609.29,792.7165369999999,5655,0
1550113200000,3609.32,3613.81,3606.6,3612,587.140482,5230,0
1550116800000,3612.45,3622.91,3611.83,3622.46,1137.1880780000006,5260,0
1550120400000,3621.96,3625,3603.38,3610.47,753.2187859999999,4807,0
1550124000000,3610.49,3619.88,3609.2,3615.83,526.7130080000002,5167,0
1550127600000,3615.82,3615.9,3597.2,3605.11,1025.052159,9787,0
1550131200000,3605.13,3615,3601.15,3602.32,1156.228268,7656,0
1550134800000,3603.91,3612.9,3600.46,3606.94,943.8460139999999,7116,0
1550138400000,3606.07,3607.44,3584.96,3594.88,1850.4249340000001,8686,0
1550142000000,3594.86,3604.08,3568.11,3584.94,2109.927974999999,9611,0
1550145600000,3584.94,3593.41,3577.67,3586.7,1381.6398889999998,7021,0
1550149200000,3586.83,3595.79,3585.78,3591.4,870.6444390000003,5275,0
1550152800000,3591.4,3593.99,3584.94,3590.43,965.4663720000001,5555,0
1550156400000,3590.46,3607.09,3590.46,3600.94,878.8053569999998,6545,0
1550160000000,3601.99,3614.24,3595,3601.73,795.0086310000002,6438,0
1550163600000,3601.43,3611.74,3599.01,3606,629.7830919999999,5612,0
1550167200000,3606,3612.88,3605.1,3611.44,725.6775549999996,5814,0
1550170800000,3611.87,3612.46,3602.86,3605.69,589.888811,5050,0
1550174400000,3605.98,3605.98,3594.26,3597.75,587.7819740000001,4849,0
1550178000000,3597.04,3606.16,3588,3600.12,619.397392,5348,0
1550181600000,3600.12,3603.36,3590.63,3593.6,516.8567719999999,4421,0
1550185200000,3593.62,3597.64,3588,3590.56,369.683594,4455,0
1550188800000,3590.57,3602.53,3587,3598.85,497.76188699999994,4690,0
1550192400000,3598.05,3607.21,3595.79,3606.28,646.1190859999999,4046,0
1550196000000,3606.27,3607.12,3600.01,3606.51,493.81923299999994,3467,0
1550199600000,3607.71,3620.73,3607.5,3613.77,962.9874149999998,5077,0
1550203200000,3613.77,3629.62,3610.33,3619.65,1296.173149,7283,0
1550206800000,3619.64,3622.13,3610.53,3612.06,647.759112,4561,0
1550210400000,3612.16,3624.77,3608.98,3615.35,740.0417179999998,5062,0
1550214000000,3615.35,3619.24,3606.65,3615,814.933215,6091,0
1550217600000,3615,3622.77,3609.59,3610.63,640.6238610000003,5068,0
1550221200000,3611,3616.43,3603,3603.67,786.1583810000001,6962,0
1550224800000,3603.7,3618.24,3599.29,3617.88,931.7790559999999,7709,0
1550228400000,3617.88,3629.6,3605.46,3608,1577.1845949999997,8550,0
1550232000000,3607.95,3620,3606,3618.69,744.3072019999998,5807,0
1550235600000,3618.69,3623.72,3609.44,3618.74,906.199683,6835,0
1550239200000,3619.59,3653.23,3585,3585.99,3009.6581990000004,15681,0
1550242800000,3585.99,3595,3573.45,3585.73,2364.098135,11036,0
1550246400000,3586.5,3595.1,3585.05,3592.98,849.9514469999997,5732,0
1550250000000,3593,3603.1,3592.16,3597.84,474.9343600000001,4204,0
1550253600000,3597.84,3603.87,3596.29,3602.37,550.9790180000001,4348,0
1550257200000,3602.06,3604.07,3594.64,3596.07,410.5295190000001,3912,0
1550260800000,3596.09,3605.11,3594.64,3601.62,380.32786400000003,3879,0
1550264400000,3601.69,3605.16,3595.25,3599.2,361.948209,3669,0
1550268000000,3599.19,3602.28,3595.56,3600.07,301.9302179999998,3973,0
1550271600000,3599.04,3603.16,3590,3602.47,387.6683370000001,4522,0
1550275200000,3602.49,3610.59,3597.91,3609.83,815.7273309999998,5989,0
1550278800000,3610,3616.93,3606.26,3607.26,933.222441,5866,0
1550282400000,3607.46,3616.13,3604.87,3613.24,575.0551989999999,4238,0
1550286000000,3612.19,3626.43,3612.19,3623.62,824.639503,5379,0
1550289600000,3624.09,3634.16,3616.5,3618.96,1082.8667839999996,6100,0
1550293200000,3618.08,3624.18,3614,3615.15,605.5436289999998,4188,0
1550296800000,3615.88,3620.01,3612,3617,516.217911,3920,0
1550300400000,3616.98,3622.46,3612.36,3617.09,526.3181500000001,4155,0
1550304000000,3617.08,3624.51,3616.13,3619.56,515.2196139999999,4386,0
1550307600000,3618.85,3625,3615.19,3619.43,726.6017309999996,4536,0
1550311200000,3619.96,3625.15,3609.95,3613.23,1644.3265439999996,11616,1
1550314800000,3613.23,3627.77,3613.17,3626.01,1358.7954030000005,8169,1
1550318400000,3626.01,3638.98,3610.87,3623.86,1631.3958409999998,9903,1
1550322000000,3623.85,3638.98,3621.5,3632.37,824.7438589999999,6587,0
1550325600000,3632.35,3648.2,3625.93,3636.64,1376.6072300000003,8236,0
1550329200000,3637.55,3641.35,3629.23,3634.41,931.192113,6923,0
1550332800000,3634.48,3646,3621.96,3630.49,977.7353559999999,6804,0
1550336400000,3630.41,3632.41,3621.65,3626.87,591.063133,4755,1
1550340000000,3626.87,3631.37,3622.99,3626.32,386.5945189999998,4164,1
1550343600000,3626.31,3639.34,3625.52,3633.18,870.5949790000002,5621,0
1550347200000,3632.52,3636.66,3627.16,3636.17,347.54989300000005,4377,0
1550350800000,3635.56,3638.28,3626.86,3630.45,354.28876299999985,4131,0
1550354400000,3630.45,3632.18,3626.17,3628.44,302.78136600000005,3494,0
1550358000000,3629.25,3629.63,3615,3618.41,846.9114590000001,6846,1
1550361600000,3617.22,3629.37,3615.08,3623.2,1078.9190720000001,7804,1
1550365200000,3623.47,3630.22,3615.05,3628.97,804.200962,5305,1
1550368800000,3628,3634.22,3624.13,3628.79,570.6128529999999,4760,1
1550372400000,3629.27,3632.88,3628.1,3629.15,530.0841789999998,4255,1
1550376000000,3629.68,3641.61,3627.02,3640,725.4953410000004,5377,1
1550379600000,3639.57,3642.91,3633,3641.83,640.1965459999999,5069,1
1550383200000,3641.81,3644.44,3632,3638.27,666.7089660000003,4887,1
1550386800000,3638.33,3647,3635.96,3641.25,654.6404340000003,4985,1
1550390400000,3640.98,3644.96,3634.32,3636.69,652.2113520000001,5207,1
1550394000000,3636.69,3643.48,3635.44,3638.33,555.7275719999999,4444,1
1550397600000,3639.38,3700.11,3615.89,3626.58,4515.016980999999,19674,1
1550401200000,3626.76,3639.58,3620,3623.73,1569.475225,8237,1
1550404800000,3623.73,3628.01,3610.38,3613.07,1895.4007410000008,10520,1
1550408400000,3613.07,3617,3604.4,3613.33,1384.0527740000002,8115,1
1550412000000,3613.8,3628.18,3612.32,3623.63,860.4777039999996,7380,1
1550415600000,3623.63,3628.85,3620.24,3622.42,552.9287350000001,5533,1
1550419200000,3622.42,3631.99,3616.5,3621.52,730.1649579999998,7082,1
1550422800000,3621.52,3629.1,3620.4,3627.87,560.663567,4951,1
1550426400000,3627.87,3628.43,3610,3616.24,659.3894569999998,5587,1
1550430000000,3616.27,3625,3610,3622.4,678.6767080000001,5879,1
1550433600000,3622.48,3626.3,3615,3624.03,539.375404,4893,1
1550437200000,3624.04,3647.1,3621.54,3628.9,1433.8739309999994,7979,1
1550440800000,3627.82,3654.83,3627.54,3641.27,1202.7466059999997,7841,1
1550444400000,3641.25,3685,3640.98,3667.58,2229.187711,11406,1
1550448000000,3667.62,3706,3655,3699,3801.550995999999,14417,1
1550451600000,3699,3773.85,3670.85,3692.96,5337.074287999999,23414,1
1550455200000,3692.98,3723.56,3687.38,3714.44,1657.7432009999998,9496,1
1550458800000,3714.8,3740,3711.46,3734.66,2265.2393510000006,13763,1
1550462400000,3734.14,3741.16,3710.85,3719.81,1403.6656849999995,10160,1
1550466000000,3719.83,3722.54,3696.65,3720.78,1116.460876,7962,1
1550469600000,3720.78,3737.62,3711.02,3732.23,1398.0659710000002,9207,1
1550473200000,3732.23,3761.29,3730,3731.69,2451.636269,12944,1
1550476800000,3732.17,3751.52,3728.1,3734,1395.580219,9236,1
1550480400000,3733.47,3755.32,3733.06,3742,1929.9148470000007,9473,1
1550484000000,3742,3752.7,3717,3725.22,2152.553009,11202,1
1550487600000,3724.96,3760.22,3724.89,3745.37,1726.9981059999996,10964,1
1550491200000,3744.02,3774.84,3727.23,3769.66,3027.1405629999986,17044,1
1550494800000,3769.75,3848,3752.82,3820.82,5972.870100000001,28501,1
1550498400000,3820.82,3847,3798.6,3807.39,5204.915016000001,23836,1
1550502000000,3806.53,3829.21,3787.1,3823.38,2756.814611999999,15476,1
1550505600000,3824.08,3925,3823.11,3871.83,7148.924692000002,38927,1
1550509200000,3871.89,3896.88,3846,3886,3922.2358520000007,19050,1
1550512800000,3885.41,3917,3879.98,3900.67,2467.4486829999996,16966,1
1550516400000,3900.35,3918,3889.28,3895,2019.5367819999994,15045,1
1550520000000,3894.99,3904.2,3876.43,3899.98,1552.0292470000002,13789,1
1550523600000,3900,3911.68,3881.37,3884,1081.434875,10534,1
1550527200000,3884.11,3890,3856.97,3889.28,1371.936739,13499,1
1550530800000,3890,3903,3882.25,3898.6,880.9605130000002,9689,1
1550534400000,3897.35,3974.98,3896.01,3947.33,3780.3911449999996,21978,0
1550538000000,3947.33,3947.35,3856,3876.07,3655.689622999999,21283,1
1550541600000,3875.39,3887,3869.02,3873.23,1994.5126310000007,13261,1
1550545200000,3872.8,3887.08,3868,3885.06,921.966824,5692,1
1550548800000,3885.02,3908.28,3878.22,3897.2,1333.729862,6748,1
1550552400000,3897.73,3907,3876.48,3892.23,1371.9520419999997,11440,1
1550556000000,3892.21,3902.63,3885.2,3900.21,1333.0381599999998,10925,1
1550559600000,3900.36,3918.93,3898.42,3916.01,2241.2256169999996,14595,1
1550563200000,3915.85,3920,3902,3912.2,1655.819672,12283,1
1550566800000,3912.42,3922,3880.9,3894.88,3040.1823079999995,17342,1
1550570400000,3894.01,3903.04,3872.78,3894.66,2486.116359,13959,1
1550574000000,3894.66,3902.44,3881.43,3898.84,1207.6549739999996,9002,1
1550577600000,3898.95,3918.66,3898.9,3914.92,1517.3059819999999,10742,1
1550581200000,3914.96,3985,3910,3970.04,4162.310850999999,18273,0
1550584800000,3970.4,3994.52,3930.72,3952.89,4247.187329999999,18789,0
1550588400000,3953.36,3984.11,3950,3971.85,2355.346854,14493,0
1550592000000,3971.01,3988.21,3958.03,3966.62,2514.8800020000012,14972,0
1550595600000,3966.42,3969.76,3937.26,3963.14,1885.8416780000005,12014,0
1550599200000,3962.58,3962.58,3942.93,3950.02,1212.4120960000002,8928,0
1550602800000,3950.02,3972.48,3946.49,3967.21,1097.791961,10167,0
1550606400000,3967.14,3967.86,3942.88,3949.57,1015.8292929999999,8793,0
1550610000000,3949.57,3964.4,3893,3909.93,2107.702085000001,15253,0
1550613600000,3909.93,3943.4,3908,3935.76,1554.459732,11234,0
1550617200000,3936.47,3936.49,3902.22,3907.79,1513.8255859999995,11368,1
1550620800000,3907.35,3917.13,3870.66,3887.98,2631.4369149999993,18995,1
1550624400000,3887.78,3912.95,3876.4,3911.91,1451.1212569999998,10544,0
1550628000000,3911.62,3917.13,3893.56,3915.25,1205.9575169999998,8587,0
1550631600000,3915.25,3927.22,3908.1,3912.15,1010.8268860000005,7548,0
1550635200000,3912.11,3920.05,3898.48,3898.5,755.015052,7088,1
1550638800000,3898.5,3908.6,3890,3905.2,1047.3055880000002,8722,1
1550642400000,3904.8,3912.6,3896.01,3904.59,935.8891709999998,7425,1
1550646000000,3904.99,3928.23,3904.04,3913.41,1226.3492389999997,8929,1
1550649600000,3913.86,3942.93,3907.42,3937.04,1806.9661240000005,10859,1
1550653200000,3937.04,3940,3920.69,3935,2121.108573,11445,1
1550656800000,3935.23,3977,3925.84,3967.67,3285.0949859999996,17404,0
1550660400000,3967.67,3970.1,3945.56,3959.98,1566.504504,10337,0
1550664000000,3960,3978.88,3949,3971.97,1916.420408,10721,0
1550667600000,3972.05,3986.98,3941.18,3949.19,2791.922724,15171,0
1550671200000,3949.99,3960,3936.18,3954.37,1814.1522779999996,10331,0
1550674800000,3954.47,3958.72,3924.64,3937.91,1454.4327250000001,8987,0
1550678400000,3937.91,3960.49,3936.03,3957,1540.2069820000002,9512,0
1550682000000,3957.01,3966,3941.77,3944.27,1194.894006,8687,0
1550685600000,3944.73,3955.95,3931.78,3952.08,1170.380474999999,9735,0
1550689200000,3952.97,3956.66,3938.02,3956,644.9707699999999,6329,0
1550692800000,3956.38,3967.73,3949.61,3963.88,1339.4366590000004,8351,0
1550696400000,3964.37,3972.79,3942,3942.21,1123.0368619999997,7624,0
1550700000000,3942.04,3963.33,3941.32,3958.94,650.2407320000001,6266,0
1550703600000,3958.87,3980,3954,3969.74,1521.470417,9055,0
1550707200000,3969.74,3975.13,3944,3956.04,1834.0082439999999,10442,0
1550710800000,3956.3,3957.75,3943.18,3951.88,860.5869980000001,6449,0
1550714400000,3951.79,3957.96,3945,3954.14,723.4827419999998,5850,0
1550718000000,3954.8,3970,3948,3968.44,912.9007560000001,7027,0
1550721600000,3968.05,3969.97,3957,3963.58,987.9034999999997,6544,0
1550725200000,3962.78,3985.76,3961.93,3983.11,2351.2623239999994,11830,0
1550728800000,3983.33,4016.48,3941.31,3954.86,4186.269716999999,18683,0
1550732400000,3954.87,3967.32,3952,3964.69,1238.3294930000002,7981,0
1550736000000,3965,3967.99,3930,3942.04,2042.355497000001,11959,0
1550739600000,3942.04,3950,3915.01,3922.78,2377.833574000001,13959,0
1550743200000,3922.99,3935.26,3916.29,3931.47,1312.8162259999995,8957,0
1550746800000,3931.22,3931.99,3901.03,3931.11,1642.3049550000005,9188,0
1550750400000,3931.5,3936.08,3920.27,3924.79,1190.5013099999996,7749,0
1550754000000,3924.41,3947.55,3916,3946.07,1183.2900720000005,7883,0
1550757600000,3946.09,3947.03,3930,3935.35,1230.382851,7815,0
1550761200000,3935.97,3937.47,3921.51,3929.99,1135.43937,8166,0
1550764800000,3930,3932.55,3911.65,3922.15,1239.6560679999998,8214,0
1550768400000,3922.16,3934.11,3922.05,3928.83,714.2679849999997,5933,0
1550772000000,3928.16,3931.97,3915.82,3920.85,714.0741969999998,6025,0
1550775600000,3921.33,3928.54,3915.33,3925.94,591.2206900000002,5212,0
1550779200000,3926.04,3937.97,3923.94,3925.77,763.7935099999999,5694,0
1550782800000,3926.18,3937.08,3925.15,3932.48,627.6949109999997,5056,0
1550786400000,3932.48,3934.39,3917.13,3918.46,629.048516,5182,0
1550790000000,3918.3,3939.18,3918,3937.31,614.461222,5284,0
1550793600000,3937.31,3944.77,3931.4,3937.18,935.4660149999999,6501,0
1550797200000,3937.18,3950.85,3935.08,3946.98,974.6885300000002,6357,0
1550800800000,3946.98,3961.57,3945.89,3957.14,1504.5439950000002,8258,0
1550804400000,3957.14,3963.83,3950.13,3953.03,1370.3602190000001,8724,0
1550808000000,3953.03,3958.67,3944.24,3955.6,820.598345,5846,0
1550811600000,3956.08,3965.37,3950.76,3952.32,821.9008649999998,6359,0
1550815200000,3952.75,3958.99,3948.57,3948.98,689.498082,5366,0
1550818800000,3948.98,3949.66,3926.65,3940,1538.9200159999996,11114,0
1550822400000,3939.98,3970.15,3928.71,3965.41,2167.6897679999997,11360,0
1550826000000,3965.42,3967.68,3952.02,3959.93,1155.3695759999998,7749,0
1550829600000,3959.57,3962.97,3948.83,3954.96,907.5320570000001,6242,0
1550833200000,3954.84,3963.45,3950.69,3958.95,940.6823890000002,6889,0
1550836800000,3958.95,3975.86,3955.58,3959.75,1104.3792999999996,7671,0
1550840400000,3959.78,3988,3959.1,3976,1322.155579,7609,0
1550844000000,3976,3982.64,3962,3972.5,1209.509055,7441,0
1550847600000,3972.51,3976,3942,3954.5,1746.7398729999998,10453,0
1550851200000,3954.63,3961.91,3947.53,3953.73,774.2295459999999,6107,0
1550854800000,3953.88,3965,3945.04,3964.36,721.0287609999999,5672,1
1550858400000,3964.99,3970,3960.28,3966.11,662.79854,5482,1
1550862000000,3966.56,3972.28,3961.07,3965.35,567.787576,5682,1
1550865600000,3965.77,3968.42,3954.3,3955.99,505.79740399999986,5082,1
1550869200000,3955.76,3969.21,3951.75,3965.94,437.60466,4433,1
1550872800000,3966.43,3971,3962.36,3969.22,506.74546300000003,5608,1
1550876400000,3969.11,3975.25,3961.31,3962,557.1381359999999,4441,1
1550880000000,3962,3964.89,3953.36,3958.92,633.7944130000003,5495,1
1550883600000,3959.14,3973.67,3957.01,3971.78,530.7275429999999,4983,1
1550887200000,3972.98,3973,3960.38,3966.39,854.1396130000002,7079,1
1550890800000,3966.88,3969.9,3960.2,3969.8,541.165053,4815,1
1550894400000,3969.8,3969.91,3944.34,3945.24,1010.4272289999999,6508,1
1550898000000,3945.32,3954.43,3936.58,3949.76,952.4036679999999,5638,1
1550901600000,3950,3955,3945.53,3954.3,420.9095399999998,3775,1
1550905200000,3954.29,3960.73,3948.24,3949.73,525.417553,3923,1
1550908800000,3949.69,3953.26,3936.46,3946.02,658.571217,4957,1
1550912400000,3946.02,3954.98,3933.15,3954.88,984.7735359999998,6072,1
1550916000000,3954.36,3962.29,3951.3,3959.27,725.8956799999999,5990,1
1550919600000,3959.67,3965.01,3953.18,3955.23,692.7605599999999,5243,1
1550923200000,3954.52,3960.49,3950,3959.82,653.0524720000003,5060,1
1550926800000,3959.8,3961.53,3948.3,3950.25,502.0229079999999,4151,1
1550930400000,3949.35,3953.5,3947.2,3952.02,394.007049,3903,1
1550934000000,3952.1,3952.29,3933.45,3941.99,881.795484,7187,1
1550937600000,3941.99,3986,3939.03,3968.63,1658.3742719999993,9272,1
1550941200000,3967.64,4096,3952.06,4095,7653.710683999997,36800,1
1550944800000,4095,4145.41,4077.9,4092.96,5302.855819000002,25145,1
1550948400000,4094.26,4126.71,4093.07,4100.39,2478.5669810000004,12530,1
1550952000000,4100.24,4162.02,4100.1,4142.41,2575.7879330000005,15580,0
1550955600000,4142.41,4142.42,4108.03,4114.36,1513.0832300000004,11000,1
1550959200000,4114.51,4129,4099.77,4118.87,831.5292809999999,7535,0
1550962800000,4119.61,4123.61,4106.92,4117.76,682.1711649999999,6842,0
1550966400000,4118,4146,4115.78,4137.34,1305.957981,10466,0
1550970000000,4137.35,4148,4128.02,4143.2,1245.6762110000002,9973,0
1550973600000,4143.21,4170,4136.75,4161.91,1362.431074,9287,0
1550977200000,4161.98,4198,4158.65,4169.7,2644.9703609999992,14006,0
1550980800000,4170.63,4180.99,4152.8,4157,1586.155257999999,8880,0
1550984400000,4156.75,4175.99,4155.38,4169.42,925.2500539999999,8083,0
1550988000000,4168.72,4181,4164.38,4173.11,1025.536696,9180,0
1550991600000,4173.1,4173.81,4156.14,4167.14,908.3528020000003,8916,0
1550995200000,4166.6,4171.59,4132,4137.9,1417.6585530000002,10759,0
1550998800000,4137.82,4147.5,4125.67,4140.48,1700.4841000000004,11006,0
1551002400000,4140.5,4153.83,4132.24,4147.98,1685.0481340000001,9163,0
1551006000000,4148,4153.99,4138.78,4144.68,1093.4935970000001,8286,0
1551009600000,4144.69,4146.89,4118,4120.74,1761.99015,11152,0
1551013200000,4120.02,4138.9,4086,4105.11,2090.16552,11768,0
1551016800000,4105.11,4106.52,3731.08,3789.98,16158.899895999994,78593,0
1551020400000,3789.98,3830.53,3759.73,3778.65,6146.815877000003,33213,0
1551024000000,3778.26,3780,3712.66,3758.76,7289.075603999996,35673,0
1551027600000,3758.76,3797.57,3751.66,3774.52,2860.5267280000007,17913,0
1551031200000,3774.51,3804.15,3760.66,3795.03,1830.295597,13574,0
1551034800000,3795.05,3798.79,3776.36,3780.57,1416.2789280000004,10843,0
1551038400000,3781.51,3796.61,3777.78,3793.5,1143.7806210000006,10686,0
1551042000000,3793.46,3816.19,3785.03,3797.14,1727.2177030000005,13138,0
1551045600000,3797.98,3798.51,3751.4,3769.14,1487.5869859999991,11900,0
1551049200000,3767.66,3790.96,3740.11,3743.56,1410.5384590000003,11576,0
